input_file,N,task_threshold,omp_num_threads,repetitions,mean_time,std_deviation,individual_times
in_1.in,1,1024,1,5,0.000031,0.000060,"[0.000139, 6e-06, 3e-06, 4e-06, 4e-06]"
in_1.in,1,2048,1,5,0.000004,0.000001,"[3e-06, 3e-06, 4e-06, 5e-06, 3e-06]"
in_1.in,1,4096,1,5,0.000004,0.000001,"[3e-06, 4e-06, 5e-06, 4e-06, 4e-06]"
in_1.in,1,1024,2,5,0.000026,0.000002,"[2.6e-05, 3e-05, 2.6e-05, 2.5e-05, 2.5e-05]"
in_1.in,1,2048,2,5,0.000040,0.000017,"[3e-05, 2.8e-05, 7e-05, 3.2e-05, 4.1e-05]"
in_1.in,1,4096,2,5,0.000035,0.000002,"[3.2e-05, 3.7e-05, 3.8e-05, 3.4e-05, 3.6e-05]"
in_1.in,1,1024,4,5,0.000042,0.000008,"[5.7e-05, 3.8e-05, 4.1e-05, 3.7e-05, 3.9e-05]"
in_1.in,1,2048,4,5,0.000036,0.000003,"[3.4e-05, 3.6e-05, 4.1e-05, 3.5e-05, 3.2e-05]"
in_1.in,1,4096,4,5,0.000044,0.000014,"[3.8e-05, 6.8e-05, 4.1e-05, 3.9e-05, 3.3e-05]"
in_1.in,1,1024,8,5,0.000070,0.000006,"[7.2e-05, 7.8e-05, 7.1e-05, 6.6e-05, 6.2e-05]"
in_1.in,1,2048,8,5,0.000071,0.000013,"[6.2e-05, 9.3e-05, 6.8e-05, 6.7e-05, 6.4e-05]"
in_1.in,1,4096,8,5,0.000066,0.000004,"[6.9e-05, 6.1e-05, 7e-05, 6.4e-05, 6.7e-05]"
in_2.in,2,1024,1,5,0.000005,0.000001,"[6e-06, 6e-06, 6e-06, 4e-06, 4e-06]"
in_2.in,2,2048,1,5,0.000004,0.000001,"[4e-06, 3e-06, 5e-06, 4e-06, 4e-06]"
in_2.in,2,4096,1,5,0.000004,0.000001,"[3e-06, 4e-06, 5e-06, 3e-06, 3e-06]"
in_2.in,2,1024,2,5,0.000026,0.000002,"[2.9e-05, 2.6e-05, 2.7e-05, 2.3e-05, 2.6e-05]"
in_2.in,2,2048,2,5,0.000026,0.000001,"[2.5e-05, 2.6e-05, 2.7e-05, 2.5e-05, 2.5e-05]"
in_2.in,2,4096,2,5,0.000026,0.000003,"[2.9e-05, 2.3e-05, 2.4e-05, 2.3e-05, 2.9e-05]"
in_2.in,2,1024,4,5,0.000036,0.000003,"[4e-05, 3.8e-05, 3.6e-05, 3.2e-05, 3.6e-05]"
in_2.in,2,2048,4,5,0.000035,0.000002,"[3.4e-05, 3.7e-05, 3.8e-05, 3.6e-05, 3.2e-05]"
in_2.in,2,4096,4,5,0.000038,0.000004,"[3.4e-05, 3.5e-05, 3.5e-05, 4.1e-05, 4.4e-05]"
in_2.in,2,1024,8,5,0.000072,0.000012,"[6.1e-05, 7.2e-05, 6.3e-05, 9.1e-05, 7.5e-05]"
in_2.in,2,2048,8,5,0.000065,0.000003,"[5.9e-05, 6.5e-05, 6.6e-05, 6.8e-05, 6.5e-05]"
in_2.in,2,4096,8,5,0.000067,0.000006,"[6.9e-05, 6.8e-05, 7.5e-05, 6.2e-05, 6.1e-05]"
in_4.in,4,1024,1,5,0.000004,0.000001,"[3e-06, 5e-06, 6e-06, 3e-06, 4e-06]"
in_4.in,4,2048,1,5,0.000004,0.000001,"[4e-06, 3e-06, 3e-06, 4e-06, 5e-06]"
in_4.in,4,4096,1,5,0.000004,0.000001,"[3e-06, 5e-06, 4e-06, 4e-06, 4e-06]"
in_4.in,4,1024,2,5,0.000030,0.000004,"[2.7e-05, 3e-05, 3.3e-05, 2.5e-05, 3.3e-05]"
in_4.in,4,2048,2,5,0.000026,0.000002,"[2.7e-05, 2.8e-05, 2.4e-05, 2.6e-05, 2.7e-05]"
in_4.in,4,4096,2,5,0.000028,0.000003,"[2.5e-05, 3.3e-05, 2.6e-05, 2.9e-05, 2.5e-05]"
in_4.in,4,1024,4,5,0.000037,0.000004,"[3.8e-05, 4.3e-05, 3.9e-05, 3.5e-05, 3.2e-05]"
in_4.in,4,2048,4,5,0.000038,0.000001,"[3.9e-05, 3.8e-05, 3.6e-05, 4e-05, 3.8e-05]"
in_4.in,4,4096,4,5,0.000041,0.000003,"[3.9e-05, 4.4e-05, 4.4e-05, 3.9e-05, 3.8e-05]"
in_4.in,4,1024,8,5,0.000084,0.000039,"[6.6e-05, 6.8e-05, 0.000154, 6.9e-05, 6.2e-05]"
in_4.in,4,2048,8,5,0.000070,0.000005,"[6.5e-05, 7.6e-05, 7.4e-05, 7e-05, 6.4e-05]"
in_4.in,4,4096,8,5,0.000069,0.000005,"[7.2e-05, 7.5e-05, 6.7e-05, 7e-05, 6.2e-05]"
in_8.in,8,1024,1,5,0.000005,0.000001,"[5e-06, 7e-06, 5e-06, 4e-06, 5e-06]"
in_8.in,8,2048,1,5,0.000005,0.000001,"[4e-06, 4e-06, 6e-06, 5e-06, 4e-06]"
in_8.in,8,4096,1,5,0.000005,0.000001,"[4e-06, 4e-06, 6e-06, 4e-06, 5e-06]"
in_8.in,8,1024,2,5,0.000030,0.000005,"[3.8e-05, 2.9e-05, 2.9e-05, 2.6e-05, 3e-05]"
in_8.in,8,2048,2,5,0.000028,0.000003,"[2.9e-05, 2.5e-05, 3.2e-05, 2.8e-05, 2.7e-05]"
in_8.in,8,4096,2,5,0.000030,0.000005,"[2.5e-05, 2.7e-05, 3.3e-05, 3.7e-05, 2.6e-05]"
in_8.in,8,1024,4,5,0.000039,0.000004,"[4.2e-05, 3.7e-05, 4.4e-05, 3.5e-05, 3.6e-05]"
in_8.in,8,2048,4,5,0.000038,0.000003,"[3.3e-05, 3.9e-05, 4.2e-05, 3.6e-05, 3.9e-05]"
in_8.in,8,4096,4,5,0.000045,0.000016,"[3.9e-05, 3.3e-05, 4.4e-05, 3.6e-05, 7.2e-05]"
in_8.in,8,1024,8,5,0.000071,0.000006,"[6.4e-05, 7.8e-05, 7.1e-05, 7.6e-05, 6.7e-05]"
in_8.in,8,2048,8,5,0.000064,0.000003,"[6.4e-05, 6e-05, 6.8e-05, 6.7e-05, 6.2e-05]"
in_8.in,8,4096,8,5,0.000067,0.000006,"[7.6e-05, 6.7e-05, 6.6e-05, 6e-05, 6.4e-05]"
in_16.in,16,1024,1,5,0.000006,0.000001,"[6e-06, 8e-06, 5e-06, 7e-06, 6e-06]"
in_16.in,16,2048,1,5,0.000006,0.000000,"[6e-06, 6e-06, 6e-06, 6e-06, 6e-06]"
in_16.in,16,4096,1,5,0.000006,0.000001,"[6e-06, 5e-06, 7e-06, 7e-06, 6e-06]"
in_16.in,16,1024,2,5,0.000031,0.000003,"[3.3e-05, 3.5e-05, 3.1e-05, 2.9e-05, 2.9e-05]"
in_16.in,16,2048,2,5,0.000030,0.000004,"[2.7e-05, 2.9e-05, 3.1e-05, 2.7e-05, 3.6e-05]"
in_16.in,16,4096,2,5,0.000029,0.000004,"[2.5e-05, 3e-05, 3.3e-05, 2.5e-05, 3.1e-05]"
in_16.in,16,1024,4,5,0.000036,0.000002,"[3.9e-05, 3.6e-05, 3.5e-05, 3.5e-05, 3.7e-05]"
in_16.in,16,2048,4,5,0.000038,0.000010,"[3.1e-05, 5.5e-05, 3.6e-05, 3.5e-05, 3.4e-05]"
in_16.in,16,4096,4,5,0.000033,0.000002,"[3.5e-05, 3.3e-05, 3.5e-05, 3.1e-05, 3.2e-05]"
in_16.in,16,1024,8,5,0.000066,0.000005,"[5.8e-05, 6.9e-05, 7.1e-05, 6.3e-05, 6.9e-05]"
in_16.in,16,2048,8,5,0.000076,0.000017,"[6.5e-05, 6.6e-05, 7.3e-05, 7e-05, 0.000105]"
in_16.in,16,4096,8,5,0.000065,0.000004,"[6.6e-05, 7.2e-05, 6.3e-05, 6.1e-05, 6.3e-05]"
in_32.in,32,1024,1,5,0.000011,0.000002,"[9e-06, 1.4e-05, 1.1e-05, 1.1e-05, 1e-05]"
in_32.in,32,2048,1,5,0.000010,0.000001,"[1e-05, 8e-06, 1.1e-05, 1e-05, 9e-06]"
in_32.in,32,4096,1,5,0.000009,0.000001,"[9e-06, 8e-06, 1e-05, 9e-06, 8e-06]"
in_32.in,32,1024,2,5,0.000032,0.000002,"[3.2e-05, 3.4e-05, 3.5e-05, 3.1e-05, 3e-05]"
in_32.in,32,2048,2,5,0.000033,0.000004,"[3e-05, 3.1e-05, 3.8e-05, 3.7e-05, 3e-05]"
in_32.in,32,4096,2,5,0.000032,0.000002,"[2.9e-05, 3.4e-05, 3.2e-05, 3.1e-05, 3.2e-05]"
in_32.in,32,1024,4,5,0.000039,0.000003,"[4.1e-05, 4.1e-05, 4.1e-05, 3.6e-05, 3.5e-05]"
in_32.in,32,2048,4,5,0.000038,0.000003,"[3.5e-05, 3.7e-05, 4e-05, 4.3e-05, 3.6e-05]"
in_32.in,32,4096,4,5,0.000040,0.000006,"[3.7e-05, 4.8e-05, 4e-05, 3.3e-05, 4e-05]"
in_32.in,32,1024,8,5,0.000067,0.000003,"[6.9e-05, 6.5e-05, 6.4e-05, 7e-05, 6.5e-05]"
in_32.in,32,2048,8,5,0.000068,0.000007,"[6.6e-05, 6.7e-05, 7.9e-05, 6.5e-05, 6.1e-05]"
in_32.in,32,4096,8,5,0.000063,0.000005,"[6.2e-05, 7.2e-05, 6.2e-05, 6.1e-05, 5.9e-05]"
in_64.in,64,1024,1,5,0.000016,0.000001,"[1.5e-05, 1.8e-05, 1.6e-05, 1.6e-05, 1.6e-05]"
in_64.in,64,2048,1,5,0.000016,0.000001,"[1.6e-05, 1.7e-05, 1.6e-05, 1.6e-05, 1.5e-05]"
in_64.in,64,4096,1,5,0.000016,0.000000,"[1.6e-05, 1.6e-05, 1.6e-05, 1.6e-05, 1.5e-05]"
in_64.in,64,1024,2,5,0.000040,0.000004,"[3.8e-05, 4.6e-05, 3.8e-05, 4.3e-05, 3.6e-05]"
in_64.in,64,2048,2,5,0.000040,0.000004,"[4e-05, 3.9e-05, 4.7e-05, 3.8e-05, 3.8e-05]"
in_64.in,64,4096,2,5,0.000038,0.000003,"[3.5e-05, 3.7e-05, 4.2e-05, 3.7e-05, 4.1e-05]"
in_64.in,64,1024,4,5,0.000049,0.000008,"[4.4e-05, 6.1e-05, 4.5e-05, 5.3e-05, 4.4e-05]"
in_64.in,64,2048,4,5,0.000047,0.000003,"[4.4e-05, 4.4e-05, 5e-05, 4.9e-05, 4.9e-05]"
in_64.in,64,4096,4,5,0.000047,0.000004,"[4.5e-05, 5.2e-05, 5.1e-05, 4.4e-05, 4.5e-05]"
in_64.in,64,1024,8,5,0.000072,0.000005,"[7.3e-05, 6.5e-05, 7.6e-05, 7e-05, 7.6e-05]"
in_64.in,64,2048,8,5,0.000068,0.000003,"[6.4e-05, 6.8e-05, 7.1e-05, 6.8e-05, 6.7e-05]"
in_64.in,64,4096,8,5,0.000077,0.000009,"[7.5e-05, 7e-05, 8.7e-05, 8.6e-05, 6.6e-05]"
in_128.in,128,1024,1,5,0.000033,0.000002,"[3.2e-05, 3.7e-05, 3.3e-05, 3.3e-05, 3.2e-05]"
in_128.in,128,2048,1,5,0.000033,0.000001,"[3.2e-05, 3.5e-05, 3.4e-05, 3.3e-05, 3.3e-05]"
in_128.in,128,4096,1,5,0.000033,0.000001,"[3.2e-05, 3.5e-05, 3.2e-05, 3.3e-05, 3.3e-05]"
in_128.in,128,1024,2,5,0.000058,0.000003,"[5.4e-05, 6.2e-05, 6.1e-05, 5.6e-05, 5.6e-05]"
in_128.in,128,2048,2,5,0.000062,0.000003,"[6.2e-05, 6.5e-05, 6.3e-05, 5.6e-05, 6.2e-05]"
in_128.in,128,4096,2,5,0.000062,0.000003,"[6.2e-05, 6.5e-05, 6.4e-05, 5.8e-05, 6e-05]"
in_128.in,128,1024,4,5,0.000064,0.000003,"[6.5e-05, 6.9e-05, 6e-05, 6.2e-05, 6.3e-05]"
in_128.in,128,2048,4,5,0.000063,0.000005,"[5.9e-05, 6.6e-05, 6.9e-05, 6e-05, 5.9e-05]"
in_128.in,128,4096,4,5,0.000064,0.000003,"[6.1e-05, 6.4e-05, 6.8e-05, 6.7e-05, 6.1e-05]"
in_128.in,128,1024,8,5,0.000085,0.000005,"[8.3e-05, 8.4e-05, 9.4e-05, 8e-05, 8.2e-05]"
in_128.in,128,2048,8,5,0.000090,0.000007,"[8.2e-05, 0.000101, 8.8e-05, 9.2e-05, 8.8e-05]"
in_128.in,128,4096,8,5,0.000089,0.000006,"[8.2e-05, 9.8e-05, 8.6e-05, 9.1e-05, 8.8e-05]"
in_256.in,256,1024,1,5,0.000073,0.000002,"[7.2e-05, 7.5e-05, 7.2e-05, 7.3e-05, 7.1e-05]"
in_256.in,256,2048,1,5,0.000072,0.000001,"[7.1e-05, 7.2e-05, 7.2e-05, 7.2e-05, 7.1e-05]"
in_256.in,256,4096,1,5,0.000072,0.000001,"[7.2e-05, 7.2e-05, 7.3e-05, 7.1e-05, 7.2e-05]"
in_256.in,256,1024,2,5,0.000097,0.000004,"[9.8e-05, 0.000102, 9.6e-05, 9.2e-05, 9.9e-05]"
in_256.in,256,2048,2,5,0.000094,0.000001,"[9.5e-05, 9.4e-05, 9.4e-05, 9.2e-05, 9.3e-05]"
in_256.in,256,4096,2,5,0.000100,0.000002,"[9.9e-05, 9.8e-05, 0.000103, 0.000102, 9.9e-05]"
in_256.in,256,1024,4,5,0.000100,0.000001,"[0.000101, 0.0001, 0.0001, 9.8e-05, 0.000101]"
in_256.in,256,2048,4,5,0.000103,0.000004,"[9.7e-05, 0.0001, 0.000104, 0.000108, 0.000104]"
in_256.in,256,4096,4,5,0.000105,0.000005,"[0.000107, 0.0001, 0.000101, 0.000111, 0.000107]"
in_256.in,256,1024,8,5,0.000126,0.000002,"[0.000126, 0.000126, 0.000124, 0.000129, 0.000123]"
in_256.in,256,2048,8,5,0.000141,0.000020,"[0.000133, 0.000176, 0.000126, 0.000137, 0.000135]"
in_256.in,256,4096,8,5,0.000126,0.000004,"[0.000131, 0.000124, 0.00013, 0.000123, 0.000123]"
in_512.in,512,1024,1,5,0.000165,0.000001,"[0.000167, 0.000165, 0.000166, 0.000165, 0.000164]"
in_512.in,512,2048,1,5,0.000166,0.000002,"[0.000165, 0.000168, 0.000164, 0.000166, 0.000167]"
in_512.in,512,4096,1,5,0.000168,0.000003,"[0.000164, 0.000168, 0.000171, 0.000166, 0.000169]"
in_512.in,512,1024,2,5,0.000191,0.000002,"[0.000191, 0.000191, 0.000191, 0.000194, 0.000188]"
in_512.in,512,2048,2,5,0.000190,0.000003,"[0.000185, 0.000192, 0.000192, 0.000191, 0.000191]"
in_512.in,512,4096,2,5,0.000193,0.000010,"[0.000186, 0.000192, 0.000184, 0.000192, 0.000209]"
in_512.in,512,1024,4,5,0.000245,0.000058,"[0.000207, 0.000203, 0.000235, 0.000236, 0.000345]"
in_512.in,512,2048,4,5,0.000222,0.000020,"[0.000258, 0.000208, 0.000218, 0.000212, 0.000214]"
in_512.in,512,4096,4,5,0.000204,0.000008,"[0.000214, 0.000209, 0.000196, 0.000204, 0.000196]"
in_512.in,512,1024,8,5,0.000226,0.000005,"[0.000223, 0.000229, 0.000224, 0.00022, 0.000232]"
in_512.in,512,2048,8,5,0.000227,0.000005,"[0.000227, 0.000235, 0.000225, 0.000225, 0.000222]"
in_512.in,512,4096,8,5,0.000222,0.000008,"[0.000219, 0.000217, 0.000215, 0.000234, 0.000227]"
in_1024.in,1024,1024,1,5,0.000377,0.000005,"[0.000371, 0.000381, 0.000372, 0.000381, 0.000382]"
in_1024.in,1024,2048,1,5,0.000378,0.000007,"[0.000377, 0.000385, 0.000385, 0.000369, 0.000372]"
in_1024.in,1024,4096,1,5,0.000379,0.000004,"[0.000377, 0.000385, 0.000378, 0.000379, 0.000374]"
in_1024.in,1024,1024,2,5,0.000407,0.000003,"[0.000405, 0.000409, 0.000411, 0.000404, 0.000407]"
in_1024.in,1024,2048,2,5,0.000403,0.000004,"[0.000402, 0.000401, 0.000411, 0.000402, 0.000401]"
in_1024.in,1024,4096,2,5,0.000405,0.000004,"[0.000405, 0.000402, 0.000413, 0.000404, 0.000403]"
in_1024.in,1024,1024,4,5,0.000418,0.000007,"[0.000414, 0.00042, 0.000407, 0.000426, 0.000421]"
in_1024.in,1024,2048,4,5,0.000415,0.000007,"[0.000409, 0.000418, 0.000416, 0.000424, 0.000407]"
in_1024.in,1024,4096,4,5,0.000416,0.000005,"[0.000411, 0.000423, 0.000417, 0.000413, 0.000417]"
in_1024.in,1024,1024,8,5,0.000443,0.000005,"[0.000438, 0.000445, 0.000445, 0.000449, 0.000438]"
in_1024.in,1024,2048,8,5,0.000442,0.000009,"[0.00044, 0.000442, 0.000453, 0.000448, 0.000429]"
in_1024.in,1024,4096,8,5,0.000445,0.000012,"[0.000463, 0.000442, 0.000441, 0.000431, 0.000446]"
in_2048.in,2048,1024,1,5,0.000853,0.000018,"[0.000842, 0.000839, 0.000884, 0.000848, 0.000852]"
in_2048.in,2048,2048,1,5,0.000855,0.000011,"[0.000849, 0.000853, 0.000843, 0.000871, 0.00086]"
in_2048.in,2048,4096,1,5,0.000859,0.000023,"[0.00084, 0.00086, 0.000837, 0.000894, 0.000862]"
in_2048.in,2048,1024,2,5,0.000533,0.000006,"[0.000535, 0.000532, 0.000532, 0.000524, 0.00054]"
in_2048.in,2048,2048,2,5,0.000893,0.000011,"[0.000904, 0.000877, 0.000889, 0.000892, 0.000902]"
in_2048.in,2048,4096,2,5,0.000891,0.000018,"[0.000863, 0.000891, 0.000911, 0.0009, 0.000888]"
in_2048.in,2048,1024,4,5,0.000545,0.000006,"[0.000543, 0.000546, 0.000554, 0.000539, 0.000543]"
in_2048.in,2048,2048,4,5,0.000890,0.000008,"[0.000884, 0.0009, 0.000885, 0.000885, 0.000898]"
in_2048.in,2048,4096,4,5,0.000892,0.000006,"[0.000894, 0.000893, 0.000892, 0.000883, 0.000899]"
in_2048.in,2048,1024,8,5,0.000562,0.000002,"[0.000564, 0.000562, 0.000559, 0.000564, 0.000563]"
in_2048.in,2048,2048,8,5,0.000912,0.000025,"[0.000915, 0.000954, 0.000889, 0.000896, 0.000908]"
in_2048.in,2048,4096,8,5,0.000913,0.000010,"[0.000921, 0.000912, 0.000913, 0.000897, 0.000922]"
in_4096.in,4096,1024,1,5,0.001966,0.000014,"[0.001959, 0.001965, 0.001959, 0.00199, 0.001956]"
in_4096.in,4096,2048,1,5,0.001947,0.000037,"[0.001993, 0.001977, 0.001936, 0.001918, 0.00191]"
in_4096.in,4096,4096,1,5,0.001924,0.000014,"[0.001915, 0.001933, 0.001905, 0.001939, 0.001928]"
in_4096.in,4096,1024,2,5,0.001168,0.000021,"[0.001161, 0.001145, 0.001177, 0.001199, 0.001156]"
in_4096.in,4096,2048,2,5,0.001163,0.000013,"[0.001143, 0.001179, 0.001158, 0.001167, 0.001167]"
in_4096.in,4096,4096,2,5,0.001957,0.000016,"[0.001956, 0.001983, 0.001955, 0.001955, 0.001938]"
in_4096.in,4096,1024,4,5,0.000835,0.000030,"[0.00082, 0.000828, 0.000824, 0.000888, 0.000814]"
in_4096.in,4096,2048,4,5,0.001210,0.000049,"[0.001185, 0.00118, 0.001183, 0.001296, 0.001205]"
in_4096.in,4096,4096,4,5,0.002032,0.000029,"[0.002035, 0.002073, 0.002004, 0.002005, 0.002041]"
in_4096.in,4096,1024,8,5,0.000846,0.000004,"[0.000845, 0.000844, 0.000843, 0.000854, 0.000846]"
in_4096.in,4096,2048,8,5,0.001196,0.000011,"[0.001188, 0.001197, 0.001204, 0.001181, 0.001209]"
in_4096.in,4096,4096,8,5,0.002025,0.000027,"[0.002064, 0.002036, 0.002023, 0.001999, 0.002001]"
in_8192.in,8192,1024,1,5,0.004354,0.000037,"[0.00439, 0.004376, 0.004337, 0.00437, 0.004297]"
in_8192.in,8192,2048,1,5,0.004343,0.000055,"[0.004402, 0.004307, 0.004371, 0.004367, 0.004266]"
in_8192.in,8192,4096,1,5,0.004368,0.000036,"[0.004427, 0.004333, 0.004371, 0.004353, 0.004357]"
in_8192.in,8192,1024,2,5,0.002556,0.000022,"[0.002553, 0.002593, 0.002542, 0.002553, 0.002538]"
in_8192.in,8192,2048,2,5,0.002550,0.000018,"[0.002547, 0.002581, 0.002545, 0.002541, 0.002534]"
in_8192.in,8192,4096,2,5,0.002545,0.000024,"[0.002577, 0.002553, 0.002545, 0.002512, 0.002537]"
in_8192.in,8192,1024,4,5,0.001987,0.000149,"[0.002094, 0.001906, 0.002092, 0.002083, 0.001762]"
in_8192.in,8192,2048,4,5,0.001745,0.000010,"[0.001732, 0.001746, 0.001744, 0.001745, 0.001759]"
in_8192.in,8192,4096,4,5,0.002620,0.000076,"[0.002753, 0.002572, 0.002583, 0.002614, 0.00258]"
in_8192.in,8192,1024,8,5,0.001588,0.000049,"[0.001667, 0.001596, 0.001564, 0.001541, 0.00157]"
in_8192.in,8192,2048,8,5,0.001760,0.000016,"[0.001759, 0.001788, 0.001747, 0.001752, 0.001754]"
in_8192.in,8192,4096,8,5,0.002602,0.000020,"[0.002628, 0.00258, 0.00261, 0.002609, 0.002583]"
in_16384.in,16384,1024,1,5,0.009721,0.000041,"[0.009787, 0.009678, 0.009705, 0.009728, 0.009705]"
in_16384.in,16384,2048,1,5,0.009804,0.000068,"[0.009917, 0.009797, 0.0098, 0.009738, 0.009768]"
in_16384.in,16384,4096,1,5,0.009809,0.000108,"[0.009998, 0.00978, 0.009769, 0.009775, 0.009724]"
in_16384.in,16384,1024,2,5,0.005643,0.000029,"[0.005669, 0.005672, 0.00565, 0.005611, 0.005615]"
in_16384.in,16384,2048,2,5,0.005629,0.000056,"[0.005716, 0.005648, 0.005582, 0.005582, 0.005617]"
in_16384.in,16384,4096,2,5,0.005724,0.000053,"[0.005776, 0.005741, 0.005703, 0.005759, 0.005643]"
in_16384.in,16384,1024,4,5,0.004481,0.000035,"[0.004532, 0.004482, 0.004493, 0.00444, 0.004457]"
in_16384.in,16384,2048,4,5,0.004378,0.000575,"[0.004871, 0.004597, 0.003777, 0.003745, 0.004899]"
in_16384.in,16384,4096,4,5,0.003790,0.000042,"[0.003855, 0.003775, 0.003739, 0.003796, 0.003785]"
in_16384.in,16384,1024,8,5,0.003470,0.000038,"[0.003511, 0.003447, 0.003512, 0.003432, 0.003448]"
in_16384.in,16384,2048,8,5,0.003325,0.000025,"[0.0033, 0.003328, 0.003366, 0.003324, 0.003309]"
in_16384.in,16384,4096,8,5,0.003804,0.000053,"[0.003893, 0.003779, 0.003772, 0.00381, 0.003766]"
in_32768.in,32768,1024,1,5,0.022535,0.000165,"[0.02254, 0.022754, 0.022296, 0.022502, 0.022582]"
in_32768.in,32768,2048,1,5,0.022515,0.000191,"[0.022531, 0.022261, 0.022659, 0.022397, 0.022729]"
in_32768.in,32768,4096,1,5,0.022100,0.000176,"[0.022307, 0.021932, 0.022168, 0.021902, 0.022193]"
in_32768.in,32768,1024,2,5,0.012666,0.000070,"[0.01277, 0.012664, 0.012597, 0.012607, 0.012692]"
in_32768.in,32768,2048,2,5,0.012567,0.000109,"[0.012604, 0.012543, 0.012696, 0.0124, 0.012593]"
in_32768.in,32768,4096,2,5,0.012670,0.000129,"[0.012874, 0.012537, 0.012625, 0.012705, 0.012609]"
in_32768.in,32768,1024,4,5,0.009502,0.000630,"[0.009935, 0.0097, 0.009741, 0.009748, 0.008388]"
in_32768.in,32768,2048,4,5,0.009772,0.000154,"[0.009995, 0.009764, 0.009559, 0.009769, 0.009773]"
in_32768.in,32768,4096,4,5,0.009070,0.001214,"[0.010695, 0.010057, 0.008195, 0.008146, 0.008255]"
in_32768.in,32768,1024,8,5,0.007439,0.000168,"[0.007683, 0.007442, 0.00723, 0.007487, 0.007355]"
in_32768.in,32768,2048,8,5,0.007490,0.000090,"[0.007629, 0.007403, 0.007522, 0.007468, 0.007427]"
in_32768.in,32768,4096,8,5,0.007769,0.000585,"[0.007253, 0.008266, 0.007021, 0.008163, 0.008143]"
in_65536.in,65536,1024,1,5,0.049071,0.000420,"[0.048794, 0.049043, 0.049746, 0.049113, 0.048658]"
in_65536.in,65536,2048,1,5,0.049725,0.000614,"[0.048986, 0.050015, 0.050358, 0.050114, 0.049154]"
in_65536.in,65536,4096,1,5,0.049201,0.000445,"[0.049818, 0.048925, 0.049017, 0.049503, 0.048743]"
in_65536.in,65536,1024,2,5,0.027845,0.000166,"[0.027716, 0.027671, 0.0278, 0.027991, 0.028045]"
in_65536.in,65536,2048,2,5,0.027808,0.000136,"[0.027939, 0.027749, 0.027872, 0.027882, 0.027599]"
in_65536.in,65536,4096,2,5,0.028028,0.000228,"[0.028247, 0.02825, 0.027784, 0.028056, 0.027805]"
in_65536.in,65536,1024,4,5,0.021419,0.000105,"[0.021545, 0.021375, 0.021312, 0.021346, 0.021516]"
in_65536.in,65536,2048,4,5,0.021528,0.000175,"[0.021637, 0.021646, 0.021296, 0.021676, 0.021383]"
in_65536.in,65536,4096,4,5,0.021341,0.000079,"[0.021253, 0.021455, 0.021328, 0.02138, 0.02129]"
in_65536.in,65536,1024,8,5,0.016011,0.000339,"[0.015566, 0.015837, 0.016266, 0.016416, 0.01597]"
in_65536.in,65536,2048,8,5,0.016021,0.000211,"[0.016397, 0.015918, 0.015905, 0.01596, 0.015926]"
in_65536.in,65536,4096,8,5,0.016054,0.000130,"[0.016162, 0.016163, 0.015937, 0.016117, 0.01589]"
in_131072.in,131072,1024,1,5,0.109290,0.000846,"[0.109517, 0.109567, 0.109734, 0.107795, 0.109838]"
in_131072.in,131072,2048,1,5,0.108837,0.000298,"[0.108816, 0.108815, 0.108501, 0.109319, 0.108736]"
in_131072.in,131072,4096,1,5,0.110219,0.001220,"[0.109045, 0.110614, 0.108964, 0.110617, 0.111857]"
in_131072.in,131072,1024,2,5,0.062708,0.002653,"[0.06154, 0.067448, 0.061318, 0.061595, 0.061638]"
in_131072.in,131072,2048,2,5,0.061318,0.000330,"[0.060995, 0.061488, 0.061528, 0.060931, 0.061647]"
in_131072.in,131072,4096,2,5,0.062643,0.001780,"[0.061766, 0.062291, 0.065785, 0.061888, 0.061486]"
in_131072.in,131072,1024,4,5,0.046852,0.000146,"[0.046884, 0.046824, 0.046988, 0.046948, 0.046616]"
in_131072.in,131072,2048,4,5,0.046673,0.000347,"[0.046843, 0.04611, 0.046849, 0.046579, 0.046984]"
in_131072.in,131072,4096,4,5,0.045245,0.003380,"[0.046579, 0.046555, 0.047254, 0.039222, 0.046616]"
in_131072.in,131072,1024,8,5,0.035165,0.000979,"[0.034371, 0.034169, 0.034886, 0.036175, 0.036222]"
in_131072.in,131072,2048,8,5,0.035592,0.001235,"[0.034583, 0.036467, 0.036628, 0.036331, 0.03395]"
in_131072.in,131072,4096,8,5,0.035082,0.000498,"[0.035319, 0.034462, 0.035787, 0.034944, 0.034898]"
in_262144.in,262144,1024,1,5,0.243431,0.002792,"[0.245873, 0.246692, 0.241088, 0.240437, 0.243063]"
in_262144.in,262144,2048,1,5,0.236599,0.002073,"[0.235778, 0.234597, 0.235283, 0.23972, 0.237619]"
in_262144.in,262144,4096,1,5,0.238460,0.002372,"[0.240389, 0.241497, 0.236134, 0.237719, 0.236563]"
in_262144.in,262144,1024,2,5,0.132350,0.000594,"[0.132533, 0.131795, 0.132237, 0.131908, 0.133279]"
in_262144.in,262144,2048,2,5,0.135021,0.005430,"[0.132076, 0.144369, 0.132455, 0.131108, 0.135097]"
in_262144.in,262144,4096,2,5,0.136175,0.006228,"[0.14712, 0.134002, 0.133464, 0.134716, 0.131575]"
in_262144.in,262144,1024,4,5,0.101038,0.000351,"[0.101185, 0.10091, 0.100653, 0.100875, 0.101567]"
in_262144.in,262144,2048,4,5,0.101051,0.000762,"[0.100133, 0.101847, 0.101554, 0.100351, 0.101372]"
in_262144.in,262144,4096,4,5,0.098058,0.006011,"[0.101981, 0.100424, 0.101083, 0.099359, 0.087443]"
in_262144.in,262144,1024,8,5,0.074771,0.001100,"[0.073446, 0.075882, 0.074111, 0.074491, 0.075927]"
in_262144.in,262144,2048,8,5,0.074832,0.002191,"[0.076725, 0.074652, 0.071754, 0.077124, 0.073906]"
in_262144.in,262144,4096,8,5,0.073847,0.001284,"[0.072862, 0.075972, 0.073822, 0.073785, 0.072796]"
in_524288.in,524288,1024,1,5,0.521717,0.005236,"[0.518734, 0.520887, 0.519614, 0.518426, 0.530926]"
in_524288.in,524288,2048,1,5,0.521399,0.004685,"[0.523778, 0.520933, 0.515033, 0.527593, 0.519658]"
in_524288.in,524288,4096,1,5,0.523052,0.005540,"[0.521952, 0.520888, 0.518819, 0.520849, 0.532753]"
in_524288.in,524288,1024,2,5,0.289650,0.001508,"[0.288371, 0.290379, 0.291279, 0.287751, 0.290471]"
in_524288.in,524288,2048,2,5,0.291746,0.003155,"[0.29686, 0.290534, 0.292564, 0.289827, 0.288947]"
in_524288.in,524288,4096,2,5,0.289812,0.001527,"[0.287777, 0.289017, 0.290197, 0.291876, 0.290193]"
in_524288.in,524288,1024,4,5,0.223520,0.009509,"[0.240514, 0.219412, 0.219169, 0.219824, 0.218679]"
in_524288.in,524288,2048,4,5,0.206174,0.019840,"[0.183801, 0.185149, 0.22231, 0.219895, 0.219713]"
in_524288.in,524288,4096,4,5,0.219564,0.001190,"[0.21907, 0.217807, 0.220873, 0.219738, 0.22033]"
in_524288.in,524288,1024,8,5,0.157544,0.003627,"[0.162707, 0.158418, 0.157482, 0.152639, 0.156476]"
in_524288.in,524288,2048,8,5,0.158749,0.009644,"[0.162887, 0.172989, 0.150158, 0.149954, 0.157759]"
in_524288.in,524288,4096,8,5,0.161432,0.002556,"[0.162293, 0.163658, 0.159327, 0.158154, 0.163726]"
in_1048576.in,1048576,1024,1,5,1.146708,0.009938,"[1.160163, 1.149228, 1.148117, 1.14324, 1.132791]"
in_1048576.in,1048576,2048,1,5,1.143688,0.006952,"[1.141875, 1.153731, 1.134435, 1.145432, 1.142969]"
in_1048576.in,1048576,4096,1,5,1.140007,0.003943,"[1.13531, 1.141253, 1.136384, 1.143086, 1.144004]"
in_1048576.in,1048576,1024,2,5,0.634894,0.004209,"[0.631497, 0.641801, 0.631612, 0.634137, 0.635421]"
in_1048576.in,1048576,2048,2,5,0.632237,0.003727,"[0.630881, 0.637698, 0.628129, 0.634114, 0.630365]"
in_1048576.in,1048576,4096,2,5,0.634945,0.004587,"[0.63636, 0.641937, 0.631227, 0.630546, 0.634655]"
in_1048576.in,1048576,1024,4,5,0.473039,0.003433,"[0.475578, 0.472988, 0.475315, 0.46718, 0.474132]"
in_1048576.in,1048576,2048,4,5,0.496882,0.040151,"[0.475466, 0.568343, 0.481189, 0.484546, 0.474867]"
in_1048576.in,1048576,4096,4,5,0.478187,0.004101,"[0.476443, 0.474502, 0.476492, 0.485097, 0.478402]"
in_1048576.in,1048576,1024,8,5,0.352083,0.012515,"[0.365717, 0.34626, 0.33409, 0.353231, 0.361116]"
in_1048576.in,1048576,2048,8,5,0.349264,0.013506,"[0.35772, 0.3674, 0.340671, 0.333431, 0.347097]"
in_1048576.in,1048576,4096,8,5,0.354320,0.018962,"[0.33943, 0.339666, 0.383529, 0.34587, 0.363104]"
in_2097152.in,2097152,1024,1,5,2.491526,0.019713,"[2.521107, 2.477953, 2.49567, 2.469725, 2.493173]"
in_2097152.in,2097152,2048,1,5,2.488426,0.008087,"[2.486081, 2.488967, 2.487127, 2.501142, 2.478812]"
in_2097152.in,2097152,4096,1,5,2.485855,0.012289,"[2.505827, 2.477321, 2.477691, 2.478727, 2.489711]"
in_2097152.in,2097152,1024,2,5,1.378489,0.013164,"[1.369881, 1.382636, 1.390862, 1.38898, 1.360085]"
in_2097152.in,2097152,2048,2,5,1.373021,0.006795,"[1.366899, 1.373489, 1.370096, 1.384439, 1.370184]"
in_2097152.in,2097152,4096,2,5,1.379922,0.012233,"[1.385846, 1.378411, 1.362508, 1.395734, 1.377112]"
in_2097152.in,2097152,1024,4,5,1.004666,0.086087,"[1.0308, 1.026147, 0.85585, 1.030442, 1.08009]"
in_2097152.in,2097152,2048,4,5,1.055547,0.043769,"[1.024246, 1.045376, 1.041008, 1.034563, 1.13254]"
in_2097152.in,2097152,4096,4,5,1.042827,0.028474,"[1.035494, 1.032804, 1.093244, 1.025782, 1.026812]"
in_2097152.in,2097152,1024,8,5,0.742435,0.016906,"[0.747291, 0.766362, 0.719691, 0.741825, 0.737005]"
in_2097152.in,2097152,2048,8,5,0.742913,0.024468,"[0.740596, 0.780124, 0.750632, 0.725926, 0.717289]"
in_2097152.in,2097152,4096,8,5,0.737199,0.017678,"[0.749487, 0.70866, 0.737918, 0.754003, 0.735925]"
in_4194304.in,4194304,1024,1,5,5.409244,0.024245,"[5.426999, 5.372984, 5.42386, 5.395376, 5.427001]"
in_4194304.in,4194304,2048,1,5,5.387975,0.018082,"[5.364355, 5.399291, 5.374441, 5.408137, 5.393653]"
in_4194304.in,4194304,4096,1,5,5.402884,0.022399,"[5.387631, 5.390796, 5.418946, 5.434081, 5.382965]"
in_4194304.in,4194304,1024,2,5,2.974879,0.006761,"[2.978296, 2.978858, 2.971155, 2.98125, 2.964836]"
in_4194304.in,4194304,2048,2,5,2.977472,0.009976,"[2.981251, 2.992703, 2.96916, 2.968551, 2.975697]"
in_4194304.in,4194304,4096,2,5,2.971510,0.016364,"[2.957203, 2.970689, 2.980154, 2.95513, 2.994373]"
in_4194304.in,4194304,1024,4,5,2.222583,0.014835,"[2.247397, 2.225398, 2.213785, 2.212194, 2.214141]"
in_4194304.in,4194304,2048,4,5,2.271815,0.109017,"[2.23008, 2.221194, 2.222817, 2.466675, 2.218309]"
in_4194304.in,4194304,4096,4,5,2.226469,0.007873,"[2.226113, 2.216972, 2.237767, 2.229547, 2.221944]"
in_4194304.in,4194304,1024,8,5,1.631733,0.121831,"[1.5814, 1.533456, 1.84279, 1.619011, 1.582007]"
in_4194304.in,4194304,2048,8,5,1.627373,0.040571,"[1.59674, 1.646723, 1.607274, 1.689835, 1.596295]"
in_4194304.in,4194304,4096,8,5,1.602975,0.020689,"[1.583712, 1.589127, 1.633723, 1.594128, 1.614184]"
in_8388608.in,8388608,1024,1,5,11.744546,0.100358,"[11.919623, 11.679886, 11.682556, 11.705521, 11.735142]"
in_8388608.in,8388608,2048,1,5,11.772825,0.150847,"[12.004744, 11.848386, 11.670666, 11.67218, 11.668149]"
in_8388608.in,8388608,4096,1,5,11.582077,0.034189,"[11.619509, 11.555765, 11.581391, 11.541313, 11.612407]"
in_8388608.in,8388608,1024,2,5,6.423144,0.027531,"[6.411165, 6.401499, 6.469354, 6.406719, 6.426985]"
in_8388608.in,8388608,2048,2,5,6.409984,0.010607,"[6.407189, 6.426143, 6.405657, 6.39767, 6.413263]"
in_8388608.in,8388608,4096,2,5,6.400045,0.013957,"[6.391793, 6.400335, 6.397602, 6.423288, 6.387208]"
in_8388608.in,8388608,1024,4,5,4.754643,0.047394,"[4.775548, 4.767289, 4.77459, 4.78516, 4.670628]"
in_8388608.in,8388608,2048,4,5,4.615110,0.373844,"[4.81362, 4.782653, 4.752628, 3.947477, 4.77917]"
in_8388608.in,8388608,4096,4,5,4.789518,0.022125,"[4.773274, 4.811016, 4.781334, 4.766892, 4.815074]"
in_8388608.in,8388608,1024,8,5,3.446962,0.067131,"[3.427152, 3.358358, 3.430181, 3.538411, 3.480709]"
in_8388608.in,8388608,2048,8,5,3.396890,0.065874,"[3.332923, 3.319822, 3.464939, 3.429379, 3.437388]"
in_8388608.in,8388608,4096,8,5,3.459755,0.061047,"[3.494763, 3.539211, 3.410165, 3.464766, 3.38987]"
