sort_method,input_file,N,task_threshold,omp_num_threads,repetitions,mean_time,std_deviation,individual_times
bitonic,in_1.in,1,0,1,5,0.000000,0.000001,"[0.0, 1e-06, 1e-06, 0.0, 0.0]"
bitonic,in_2.in,2,0,1,5,0.000001,0.000001,"[1e-06, 1e-06, 1e-06, 0.0, 0.0]"
bitonic,in_4.in,4,0,1,5,0.000001,0.000000,"[0.0, 1e-06, 1e-06, 1e-06, 1e-06]"
bitonic,in_8.in,8,0,1,5,0.000002,0.000000,"[2e-06, 2e-06, 2e-06, 1e-06, 2e-06]"
bitonic,in_16.in,16,0,1,5,0.000002,0.000000,"[2e-06, 2e-06, 2e-06, 2e-06, 2e-06]"
bitonic,in_32.in,32,0,1,5,0.000005,0.000001,"[5e-06, 5e-06, 5e-06, 5e-06, 7e-06]"
bitonic,in_64.in,64,0,1,5,0.000012,0.000000,"[1.2e-05, 1.1e-05, 1.2e-05, 1.2e-05, 1.2e-05]"
bitonic,in_128.in,128,0,1,5,0.000027,0.000001,"[2.8e-05, 2.6e-05, 2.6e-05, 2.7e-05, 2.7e-05]"
bitonic,in_256.in,256,0,1,5,0.000063,0.000001,"[6.3e-05, 6.3e-05, 6.5e-05, 6.3e-05, 6.3e-05]"
bitonic,in_512.in,512,0,1,5,0.000151,0.000002,"[0.000152, 0.000149, 0.000152, 0.000154, 0.000149]"
bitonic,in_1024.in,1024,0,1,5,0.000350,0.000003,"[0.000348, 0.000354, 0.000347, 0.000353, 0.000349]"
bitonic,in_2048.in,2048,0,1,5,0.000817,0.000008,"[0.000824, 0.000818, 0.000809, 0.00081, 0.000826]"
bitonic,in_4096.in,4096,0,1,5,0.001920,0.000051,"[0.001921, 0.00187, 0.001873, 0.001948, 0.001989]"
bitonic,in_8192.in,8192,0,1,5,0.004192,0.000128,"[0.004382, 0.004263, 0.004141, 0.004079, 0.004095]"
bitonic,in_16384.in,16384,0,1,5,0.008988,0.000194,"[0.009207, 0.009069, 0.008903, 0.008699, 0.00906]"
bitonic,in_32768.in,32768,0,1,5,0.021562,0.000503,"[0.022232, 0.021632, 0.021034, 0.021814, 0.021096]"
bitonic,in_65536.in,65536,0,1,5,0.045475,0.000808,"[0.045597, 0.045835, 0.046576, 0.044722, 0.044646]"
bitonic,in_131072.in,131072,0,1,5,0.101698,0.002453,"[0.10142, 0.102925, 0.102257, 0.104186, 0.097701]"
bitonic,in_262144.in,262144,0,1,5,0.230362,0.012500,"[0.250513, 0.228703, 0.230158, 0.226168, 0.21627]"
bitonic,in_524288.in,524288,0,1,5,0.484739,0.013683,"[0.467413, 0.499844, 0.492667, 0.490296, 0.473477]"
bitonic,in_1048576.in,1048576,0,1,5,1.050066,0.023132,"[1.030958, 1.050973, 1.089394, 1.038014, 1.040989]"
bitonic,in_2097152.in,2097152,0,1,5,2.296469,0.026500,"[2.288385, 2.276369, 2.288771, 2.343016, 2.285802]"
bitonic,in_4194304.in,4194304,0,1,5,5.095623,0.109286,"[4.979985, 5.258048, 5.130831, 5.095969, 5.013283]"
bitonic,in_8388608.in,8388608,0,1,5,10.979485,0.255369,"[10.772401, 10.716092, 10.913496, 11.26077, 11.234666]"
bitonic,in_16777216.in,16777216,0,1,5,24.170754,0.274655,"[24.556897, 24.248274, 24.016919, 23.822238, 24.209441]"
bitonic_parallel,in_1.in,1,1024,1,5,0.000363,0.000580,"[0.001341, 7e-06, 5e-06, 9e-06, 0.000454]"
bitonic_parallel,in_1.in,1,2048,1,5,0.000004,0.000001,"[5e-06, 4e-06, 3e-06, 4e-06, 4e-06]"
bitonic_parallel,in_1.in,1,4096,1,5,0.000004,0.000001,"[3e-06, 4e-06, 5e-06, 5e-06, 4e-06]"
bitonic_parallel,in_1.in,1,1024,3,5,0.000041,0.000005,"[4e-05, 3.9e-05, 4.5e-05, 4.8e-05, 3.4e-05]"
bitonic_parallel,in_1.in,1,2048,3,5,0.000035,0.000003,"[3.2e-05, 3.7e-05, 3.7e-05, 3.9e-05, 3.1e-05]"
bitonic_parallel,in_1.in,1,4096,3,5,0.000033,0.000006,"[3.4e-05, 2.7e-05, 3.2e-05, 4.4e-05, 3e-05]"
bitonic_parallel,in_1.in,1,1024,6,5,0.000064,0.000026,"[5.8e-05, 4.8e-05, 4.9e-05, 5.5e-05, 0.000111]"
bitonic_parallel,in_1.in,1,2048,6,5,0.000056,0.000002,"[5.5e-05, 5.5e-05, 6e-05, 5.7e-05, 5.5e-05]"
bitonic_parallel,in_1.in,1,4096,6,5,0.000053,0.000001,"[5.4e-05, 5.4e-05, 5.2e-05, 5.4e-05, 5.1e-05]"
bitonic_parallel,in_1.in,1,1024,12,5,0.000095,0.000006,"[9e-05, 0.000105, 9.6e-05, 9.3e-05, 9.1e-05]"
bitonic_parallel,in_1.in,1,2048,12,5,0.000105,0.000028,"[9.3e-05, 0.0001, 0.000154, 9.1e-05, 8.8e-05]"
bitonic_parallel,in_1.in,1,4096,12,5,0.000103,0.000014,"[0.000105, 0.000108, 0.000101, 0.000119, 8e-05]"
bitonic_parallel,in_2.in,2,1024,1,5,0.000005,0.000002,"[5e-06, 8e-06, 5e-06, 4e-06, 4e-06]"
bitonic_parallel,in_2.in,2,2048,1,5,0.000004,0.000001,"[4e-06, 6e-06, 3e-06, 4e-06, 4e-06]"
bitonic_parallel,in_2.in,2,4096,1,5,0.000005,0.000001,"[4e-06, 5e-06, 5e-06, 5e-06, 4e-06]"
bitonic_parallel,in_2.in,2,1024,3,5,0.000033,0.000002,"[3.5e-05, 3.4e-05, 3.2e-05, 3.1e-05, 3.3e-05]"
bitonic_parallel,in_2.in,2,2048,3,5,0.000032,0.000003,"[3e-05, 3.4e-05, 3.6e-05, 3e-05, 3.1e-05]"
bitonic_parallel,in_2.in,2,4096,3,5,0.000032,0.000002,"[3e-05, 3.2e-05, 3.1e-05, 3.5e-05, 3.4e-05]"
bitonic_parallel,in_2.in,2,1024,6,5,0.000052,0.000002,"[5e-05, 5.5e-05, 5.3e-05, 5.3e-05, 4.9e-05]"
bitonic_parallel,in_2.in,2,2048,6,5,0.000054,0.000005,"[5e-05, 6e-05, 5.6e-05, 4.9e-05, 5.3e-05]"
bitonic_parallel,in_2.in,2,4096,6,5,0.000056,0.000005,"[4.8e-05, 5.9e-05, 5.6e-05, 6.1e-05, 5.4e-05]"
bitonic_parallel,in_2.in,2,1024,12,5,0.000091,0.000005,"[8.8e-05, 8.9e-05, 8.8e-05, 0.0001, 8.8e-05]"
bitonic_parallel,in_2.in,2,2048,12,5,0.000100,0.000021,"[0.000134, 0.000108, 8.8e-05, 8.6e-05, 8.6e-05]"
bitonic_parallel,in_2.in,2,4096,12,5,0.000090,0.000003,"[8.6e-05, 8.9e-05, 9.2e-05, 9.2e-05, 9.1e-05]"
bitonic_parallel,in_4.in,4,1024,1,5,0.000005,0.000001,"[5e-06, 5e-06, 6e-06, 5e-06, 4e-06]"
bitonic_parallel,in_4.in,4,2048,1,5,0.000005,0.000001,"[4e-06, 5e-06, 5e-06, 5e-06, 4e-06]"
bitonic_parallel,in_4.in,4,4096,1,5,0.000005,0.000001,"[4e-06, 6e-06, 5e-06, 5e-06, 4e-06]"
bitonic_parallel,in_4.in,4,1024,3,5,0.000033,0.000002,"[3.6e-05, 3.2e-05, 3.3e-05, 3.4e-05, 3e-05]"
bitonic_parallel,in_4.in,4,2048,3,5,0.000033,0.000003,"[3e-05, 3e-05, 3.7e-05, 3.5e-05, 3.4e-05]"
bitonic_parallel,in_4.in,4,4096,3,5,0.000035,0.000005,"[3.1e-05, 3.2e-05, 3e-05, 4.1e-05, 3.9e-05]"
bitonic_parallel,in_4.in,4,1024,6,5,0.000054,0.000002,"[5.6e-05, 5.1e-05, 5.4e-05, 5.3e-05, 5.7e-05]"
bitonic_parallel,in_4.in,4,2048,6,5,0.000062,0.000021,"[5.2e-05, 9.9e-05, 5.3e-05, 5.3e-05, 5.4e-05]"
bitonic_parallel,in_4.in,4,4096,6,5,0.000082,0.000041,"[5.3e-05, 5.7e-05, 0.00015, 9.2e-05, 5.8e-05]"
bitonic_parallel,in_4.in,4,1024,12,5,0.000113,0.000017,"[9.7e-05, 0.000102, 0.000108, 0.00014, 0.000117]"
bitonic_parallel,in_4.in,4,2048,12,5,0.000118,0.000010,"[0.000125, 0.000101, 0.000123, 0.000116, 0.000124]"
bitonic_parallel,in_4.in,4,4096,12,5,0.000155,0.000064,"[0.000111, 0.000125, 0.000178, 0.000257, 0.000104]"
bitonic_parallel,in_8.in,8,1024,1,5,0.000007,0.000001,"[8e-06, 8e-06, 6e-06, 7e-06, 7e-06]"
bitonic_parallel,in_8.in,8,2048,1,5,0.000007,0.000001,"[6e-06, 7e-06, 9e-06, 8e-06, 7e-06]"
bitonic_parallel,in_8.in,8,4096,1,5,0.000007,0.000001,"[7e-06, 9e-06, 6e-06, 7e-06, 6e-06]"
bitonic_parallel,in_8.in,8,1024,3,5,0.000037,0.000001,"[3.7e-05, 3.5e-05, 3.9e-05, 3.7e-05, 3.6e-05]"
bitonic_parallel,in_8.in,8,2048,3,5,0.000038,0.000005,"[3.6e-05, 4.6e-05, 3.9e-05, 3.3e-05, 3.5e-05]"
bitonic_parallel,in_8.in,8,4096,3,5,0.000037,0.000004,"[3.9e-05, 4.3e-05, 3.4e-05, 3.5e-05, 3.4e-05]"
bitonic_parallel,in_8.in,8,1024,6,5,0.000058,0.000006,"[6.8e-05, 5.5e-05, 6e-05, 5.4e-05, 5.4e-05]"
bitonic_parallel,in_8.in,8,2048,6,5,0.000054,0.000002,"[5.3e-05, 5.2e-05, 5.3e-05, 5.6e-05, 5.6e-05]"
bitonic_parallel,in_8.in,8,4096,6,5,0.000059,0.000005,"[6.1e-05, 5.1e-05, 6.5e-05, 5.9e-05, 6.1e-05]"
bitonic_parallel,in_8.in,8,1024,12,5,0.000110,0.000009,"[0.000121, 0.000107, 0.000116, 9.7e-05, 0.000107]"
bitonic_parallel,in_8.in,8,2048,12,5,0.000112,0.000007,"[0.000122, 0.00011, 0.000116, 0.000105, 0.000108]"
bitonic_parallel,in_8.in,8,4096,12,5,0.000116,0.000005,"[0.000112, 0.000115, 0.000113, 0.000124, 0.000118]"
bitonic_parallel,in_16.in,16,1024,1,5,0.000011,0.000002,"[1.4e-05, 1e-05, 1.2e-05, 1.2e-05, 9e-06]"
bitonic_parallel,in_16.in,16,2048,1,5,0.000011,0.000002,"[9e-06, 1.3e-05, 1.3e-05, 1e-05, 9e-06]"
bitonic_parallel,in_16.in,16,4096,1,5,0.000011,0.000002,"[9e-06, 1.4e-05, 1.1e-05, 1e-05, 1.1e-05]"
bitonic_parallel,in_16.in,16,1024,3,5,0.000060,0.000011,"[4.2e-05, 6.2e-05, 6.9e-05, 6.2e-05, 6.7e-05]"
bitonic_parallel,in_16.in,16,2048,3,5,0.000064,0.000004,"[7e-05, 6.5e-05, 6.5e-05, 6.2e-05, 5.8e-05]"
bitonic_parallel,in_16.in,16,4096,3,5,0.000062,0.000005,"[6.5e-05, 6.3e-05, 6.3e-05, 6.5e-05, 5.2e-05]"
bitonic_parallel,in_16.in,16,1024,6,5,0.000101,0.000010,"[0.000103, 9e-05, 0.0001, 0.000116, 9.4e-05]"
bitonic_parallel,in_16.in,16,2048,6,5,0.000101,0.000014,"[0.000111, 9.9e-05, 7.9e-05, 0.0001, 0.000116]"
bitonic_parallel,in_16.in,16,4096,6,5,0.000106,0.000015,"[0.000107, 0.000125, 8.8e-05, 9.5e-05, 0.000114]"
bitonic_parallel,in_16.in,16,1024,12,5,0.000167,0.000041,"[0.000232, 0.000158, 0.000143, 0.000126, 0.000178]"
bitonic_parallel,in_16.in,16,2048,12,5,0.000143,0.000006,"[0.000139, 0.000153, 0.000144, 0.000137, 0.00014]"
bitonic_parallel,in_16.in,16,4096,12,5,0.000166,0.000028,"[0.000183, 0.000167, 0.000202, 0.000147, 0.00013]"
bitonic_parallel,in_32.in,32,1024,1,5,0.000013,0.000001,"[1.4e-05, 1.4e-05, 1.2e-05, 1.2e-05, 1.3e-05]"
bitonic_parallel,in_32.in,32,2048,1,5,0.000013,0.000001,"[1.3e-05, 1.3e-05, 1.3e-05, 1.1e-05, 1.3e-05]"
bitonic_parallel,in_32.in,32,4096,1,5,0.000013,0.000001,"[1.3e-05, 1.3e-05, 1.5e-05, 1.3e-05, 1.3e-05]"
bitonic_parallel,in_32.in,32,1024,3,5,0.000047,0.000004,"[4.2e-05, 5.4e-05, 4.6e-05, 4.7e-05, 4.7e-05]"
bitonic_parallel,in_32.in,32,2048,3,5,0.000042,0.000005,"[4.7e-05, 4.4e-05, 4.3e-05, 3.9e-05, 3.5e-05]"
bitonic_parallel,in_32.in,32,4096,3,5,0.000043,0.000004,"[3.8e-05, 4.8e-05, 4.3e-05, 4e-05, 4.5e-05]"
bitonic_parallel,in_32.in,32,1024,6,5,0.000059,0.000008,"[5.5e-05, 5.5e-05, 7.3e-05, 5.5e-05, 5.6e-05]"
bitonic_parallel,in_32.in,32,2048,6,5,0.000074,0.000028,"[0.000119, 8.2e-05, 5.8e-05, 5.7e-05, 5.2e-05]"
bitonic_parallel,in_32.in,32,4096,6,5,0.000059,0.000003,"[5.6e-05, 5.6e-05, 5.9e-05, 6.4e-05, 5.8e-05]"
bitonic_parallel,in_32.in,32,1024,12,5,0.000098,0.000008,"[9.5e-05, 9.5e-05, 0.000111, 8.9e-05, 9.9e-05]"
bitonic_parallel,in_32.in,32,2048,12,5,0.000101,0.000015,"[9.4e-05, 9.9e-05, 0.000127, 9.4e-05, 9e-05]"
bitonic_parallel,in_32.in,32,4096,12,5,0.000097,0.000009,"[9.9e-05, 8.8e-05, 0.000105, 0.000106, 8.9e-05]"
bitonic_parallel,in_64.in,64,1024,1,5,0.000022,0.000001,"[2.2e-05, 2.2e-05, 2.3e-05, 2.2e-05, 2.1e-05]"
bitonic_parallel,in_64.in,64,2048,1,5,0.000023,0.000001,"[2.3e-05, 2.2e-05, 2.4e-05, 2.2e-05, 2.2e-05]"
bitonic_parallel,in_64.in,64,4096,1,5,0.000022,0.000001,"[2.2e-05, 2.3e-05, 2.1e-05, 2.1e-05, 2.2e-05]"
bitonic_parallel,in_64.in,64,1024,3,5,0.000057,0.000010,"[7.5e-05, 5.1e-05, 5.6e-05, 5.2e-05, 5.1e-05]"
bitonic_parallel,in_64.in,64,2048,3,5,0.000052,0.000006,"[6.1e-05, 5.2e-05, 5.2e-05, 5.4e-05, 4.3e-05]"
bitonic_parallel,in_64.in,64,4096,3,5,0.000054,0.000005,"[5.1e-05, 5e-05, 5.7e-05, 6.2e-05, 5e-05]"
bitonic_parallel,in_64.in,64,1024,6,5,0.000065,0.000005,"[6.8e-05, 6.8e-05, 6.5e-05, 6.8e-05, 5.7e-05]"
bitonic_parallel,in_64.in,64,2048,6,5,0.000066,0.000005,"[6e-05, 6.7e-05, 6.6e-05, 6.3e-05, 7.3e-05]"
bitonic_parallel,in_64.in,64,4096,6,5,0.000065,0.000004,"[5.9e-05, 6.8e-05, 6.5e-05, 6.4e-05, 6.8e-05]"
bitonic_parallel,in_64.in,64,1024,12,5,0.000106,0.000010,"[9.7e-05, 0.00011, 0.000102, 0.000101, 0.000122]"
bitonic_parallel,in_64.in,64,2048,12,5,0.000107,0.000006,"[0.000107, 0.000109, 0.000116, 0.000102, 0.000101]"
bitonic_parallel,in_64.in,64,4096,12,5,0.000108,0.000004,"[0.000108, 0.000105, 0.000104, 0.000113, 0.000111]"
bitonic_parallel,in_128.in,128,1024,1,5,0.000050,0.000002,"[5.3e-05, 4.9e-05, 4.7e-05, 5.1e-05, 4.8e-05]"
bitonic_parallel,in_128.in,128,2048,1,5,0.000049,0.000001,"[4.8e-05, 4.9e-05, 4.9e-05, 5.1e-05, 5e-05]"
bitonic_parallel,in_128.in,128,4096,1,5,0.000049,0.000004,"[5.4e-05, 4.8e-05, 4.5e-05, 5.1e-05, 4.6e-05]"
bitonic_parallel,in_128.in,128,1024,3,5,0.000082,0.000004,"[8.1e-05, 8.2e-05, 8.8e-05, 8e-05, 7.9e-05]"
bitonic_parallel,in_128.in,128,2048,3,5,0.000083,0.000004,"[8.7e-05, 8.2e-05, 8.8e-05, 8e-05, 7.8e-05]"
bitonic_parallel,in_128.in,128,4096,3,5,0.000074,0.000002,"[7.5e-05, 7.4e-05, 7.7e-05, 7.3e-05, 7.3e-05]"
bitonic_parallel,in_128.in,128,1024,6,5,0.000089,0.000003,"[8.8e-05, 8.4e-05, 9.3e-05, 8.9e-05, 9.1e-05]"
bitonic_parallel,in_128.in,128,2048,6,5,0.000097,0.000007,"[9.7e-05, 0.000108, 9.8e-05, 9.3e-05, 8.9e-05]"
bitonic_parallel,in_128.in,128,4096,6,5,0.000089,0.000004,"[9.4e-05, 8.5e-05, 8.6e-05, 9.4e-05, 8.7e-05]"
bitonic_parallel,in_128.in,128,1024,12,5,0.000127,0.000005,"[0.000128, 0.000123, 0.000122, 0.000135, 0.000129]"
bitonic_parallel,in_128.in,128,2048,12,5,0.000139,0.000024,"[0.000119, 0.000137, 0.000132, 0.000128, 0.000181]"
bitonic_parallel,in_128.in,128,4096,12,5,0.000127,0.000007,"[0.000123, 0.000127, 0.000123, 0.000122, 0.000139]"
bitonic_parallel,in_256.in,256,1024,1,5,0.000095,0.000002,"[9.3e-05, 9.2e-05, 9.6e-05, 9.7e-05, 9.6e-05]"
bitonic_parallel,in_256.in,256,2048,1,5,0.000098,0.000002,"[9.6e-05, 9.7e-05, 9.9e-05, 9.5e-05, 0.000101]"
bitonic_parallel,in_256.in,256,4096,1,5,0.000100,0.000004,"[0.000107, 0.000103, 9.7e-05, 9.8e-05, 9.7e-05]"
bitonic_parallel,in_256.in,256,1024,3,5,0.000133,0.000003,"[0.000138, 0.000135, 0.000131, 0.00013, 0.000132]"
bitonic_parallel,in_256.in,256,2048,3,5,0.000128,0.000004,"[0.000129, 0.000131, 0.000129, 0.00013, 0.000122]"
bitonic_parallel,in_256.in,256,4096,3,5,0.000132,0.000006,"[0.000129, 0.00013, 0.000134, 0.000125, 0.00014]"
bitonic_parallel,in_256.in,256,1024,6,5,0.000144,0.000004,"[0.000146, 0.000145, 0.000138, 0.000144, 0.000149]"
bitonic_parallel,in_256.in,256,2048,6,5,0.000146,0.000003,"[0.000147, 0.000148, 0.000145, 0.000142, 0.000149]"
bitonic_parallel,in_256.in,256,4096,6,5,0.000146,0.000005,"[0.00014, 0.00015, 0.00015, 0.00015, 0.000142]"
bitonic_parallel,in_256.in,256,1024,12,5,0.000183,0.000005,"[0.000179, 0.000186, 0.00019, 0.00018, 0.00018]"
bitonic_parallel,in_256.in,256,2048,12,5,0.000182,0.000005,"[0.00019, 0.00018, 0.000179, 0.000178, 0.000182]"
bitonic_parallel,in_256.in,256,4096,12,5,0.000185,0.000006,"[0.000188, 0.00018, 0.000183, 0.000195, 0.00018]"
bitonic_parallel,in_512.in,512,1024,1,5,0.000223,0.000010,"[0.00021, 0.000222, 0.000237, 0.000222, 0.000222]"
bitonic_parallel,in_512.in,512,2048,1,5,0.000217,0.000009,"[0.000211, 0.000225, 0.000222, 0.000204, 0.000221]"
bitonic_parallel,in_512.in,512,4096,1,5,0.000216,0.000008,"[0.000209, 0.000207, 0.000225, 0.000223, 0.000217]"
bitonic_parallel,in_512.in,512,1024,3,5,0.000269,0.000019,"[0.00026, 0.000258, 0.000267, 0.000257, 0.000303]"
bitonic_parallel,in_512.in,512,2048,3,5,0.000257,0.000004,"[0.00026, 0.000251, 0.00026, 0.00026, 0.000253]"
bitonic_parallel,in_512.in,512,4096,3,5,0.000260,0.000006,"[0.000265, 0.000256, 0.000262, 0.000264, 0.000252]"
bitonic_parallel,in_512.in,512,1024,6,5,0.000271,0.000005,"[0.000277, 0.000275, 0.00027, 0.000267, 0.000267]"
bitonic_parallel,in_512.in,512,2048,6,5,0.000275,0.000007,"[0.000284, 0.000272, 0.000282, 0.000273, 0.000266]"
bitonic_parallel,in_512.in,512,4096,6,5,0.000278,0.000009,"[0.000291, 0.000276, 0.000268, 0.000283, 0.000272]"
bitonic_parallel,in_512.in,512,1024,12,5,0.000318,0.000017,"[0.000312, 0.000316, 0.000306, 0.00031, 0.000348]"
bitonic_parallel,in_512.in,512,2048,12,5,0.000316,0.000010,"[0.000314, 0.000305, 0.000316, 0.000331, 0.000312]"
bitonic_parallel,in_512.in,512,4096,12,5,0.000322,0.000032,"[0.000308, 0.000377, 0.0003, 0.000305, 0.000319]"
bitonic_parallel,in_1024.in,1024,1024,1,5,0.000503,0.000026,"[0.000507, 0.000529, 0.000501, 0.000517, 0.00046]"
bitonic_parallel,in_1024.in,1024,2048,1,5,0.000486,0.000027,"[0.000467, 0.000509, 0.000466, 0.000522, 0.000468]"
bitonic_parallel,in_1024.in,1024,4096,1,5,0.000500,0.000010,"[0.0005, 0.000513, 0.000488, 0.000494, 0.000506]"
bitonic_parallel,in_1024.in,1024,1024,3,5,0.000544,0.000018,"[0.000563, 0.000554, 0.00052, 0.000529, 0.000554]"
bitonic_parallel,in_1024.in,1024,2048,3,5,0.000532,0.000014,"[0.00054, 0.000521, 0.000529, 0.00052, 0.000552]"
bitonic_parallel,in_1024.in,1024,4096,3,5,0.000526,0.000019,"[0.000507, 0.000541, 0.000551, 0.000519, 0.000511]"
bitonic_parallel,in_1024.in,1024,1024,6,5,0.000564,0.000034,"[0.000553, 0.000622, 0.000555, 0.000531, 0.000557]"
bitonic_parallel,in_1024.in,1024,2048,6,5,0.000546,0.000014,"[0.000562, 0.000534, 0.000532, 0.000559, 0.000544]"
bitonic_parallel,in_1024.in,1024,4096,6,5,0.000553,0.000015,"[0.000565, 0.000548, 0.00053, 0.000564, 0.000558]"
bitonic_parallel,in_1024.in,1024,1024,12,5,0.000599,0.000013,"[0.000591, 0.000606, 0.000581, 0.00061, 0.000609]"
bitonic_parallel,in_1024.in,1024,2048,12,5,0.000602,0.000011,"[0.000593, 0.000622, 0.000598, 0.000598, 0.000598]"
bitonic_parallel,in_1024.in,1024,4096,12,5,0.000609,0.000010,"[0.000598, 0.000624, 0.000613, 0.000601, 0.000611]"
bitonic_parallel,in_2048.in,2048,1024,1,5,0.001155,0.000020,"[0.001185, 0.001156, 0.001143, 0.001133, 0.001156]"
bitonic_parallel,in_2048.in,2048,2048,1,5,0.001140,0.000036,"[0.001159, 0.001079, 0.00115, 0.001141, 0.00117]"
bitonic_parallel,in_2048.in,2048,4096,1,5,0.001175,0.000077,"[0.001149, 0.001306, 0.001164, 0.001106, 0.001148]"
bitonic_parallel,in_2048.in,2048,1024,3,5,0.000641,0.000007,"[0.000648, 0.000641, 0.000637, 0.000648, 0.000632]"
bitonic_parallel,in_2048.in,2048,2048,3,5,0.001175,0.000045,"[0.001215, 0.001103, 0.001194, 0.001201, 0.001164]"
bitonic_parallel,in_2048.in,2048,4096,3,5,0.001195,0.000023,"[0.001187, 0.001192, 0.001163, 0.001213, 0.00122]"
bitonic_parallel,in_2048.in,2048,1024,6,5,0.000661,0.000007,"[0.000652, 0.00067, 0.000655, 0.000665, 0.000662]"
bitonic_parallel,in_2048.in,2048,2048,6,5,0.001184,0.000042,"[0.001227, 0.001153, 0.001211, 0.001128, 0.0012]"
bitonic_parallel,in_2048.in,2048,4096,6,5,0.001187,0.000033,"[0.00121, 0.001132, 0.001205, 0.001181, 0.001205]"
bitonic_parallel,in_2048.in,2048,1024,12,5,0.000693,0.000013,"[0.000708, 0.000674, 0.000698, 0.000699, 0.000685]"
bitonic_parallel,in_2048.in,2048,2048,12,5,0.001238,0.000034,"[0.001274, 0.001202, 0.001245, 0.001265, 0.001204]"
bitonic_parallel,in_2048.in,2048,4096,12,5,0.001242,0.000044,"[0.001262, 0.00127, 0.001165, 0.001245, 0.001267]"
bitonic_parallel,in_4096.in,4096,1024,1,5,0.002616,0.000044,"[0.002641, 0.002654, 0.002543, 0.002636, 0.002608]"
bitonic_parallel,in_4096.in,4096,2048,1,5,0.002635,0.000014,"[0.002649, 0.002623, 0.002642, 0.002617, 0.002646]"
bitonic_parallel,in_4096.in,4096,4096,1,5,0.002620,0.000038,"[0.002656, 0.002617, 0.002582, 0.002662, 0.002583]"
bitonic_parallel,in_4096.in,4096,1024,3,5,0.001328,0.000008,"[0.001326, 0.001322, 0.001337, 0.001335, 0.001319]"
bitonic_parallel,in_4096.in,4096,2048,3,5,0.001390,0.000012,"[0.001403, 0.0014, 0.001382, 0.001374, 0.00139]"
bitonic_parallel,in_4096.in,4096,4096,3,5,0.002695,0.000012,"[0.002687, 0.002714, 0.002702, 0.00269, 0.002684]"
bitonic_parallel,in_4096.in,4096,1024,6,5,0.000781,0.000004,"[0.000788, 0.000778, 0.000782, 0.000777, 0.000782]"
bitonic_parallel,in_4096.in,4096,2048,6,5,0.001404,0.000022,"[0.001429, 0.001428, 0.001395, 0.001388, 0.001382]"
bitonic_parallel,in_4096.in,4096,4096,6,5,0.002750,0.000147,"[0.003001, 0.002732, 0.002708, 0.00262, 0.002687]"
bitonic_parallel,in_4096.in,4096,1024,12,5,0.000834,0.000024,"[0.000803, 0.000846, 0.000863, 0.000815, 0.000842]"
bitonic_parallel,in_4096.in,4096,2048,12,5,0.001478,0.000074,"[0.001449, 0.001474, 0.001605, 0.001439, 0.001422]"
bitonic_parallel,in_4096.in,4096,4096,12,5,0.002750,0.000045,"[0.002806, 0.002752, 0.002765, 0.002747, 0.00268]"
bitonic_parallel,in_8192.in,8192,1024,1,5,0.006000,0.000078,"[0.006029, 0.005963, 0.006113, 0.005905, 0.00599]"
bitonic_parallel,in_8192.in,8192,2048,1,5,0.005940,0.000034,"[0.005992, 0.005925, 0.00591, 0.005958, 0.005917]"
bitonic_parallel,in_8192.in,8192,4096,1,5,0.005773,0.000132,"[0.005982, 0.005629, 0.005792, 0.005702, 0.005761]"
bitonic_parallel,in_8192.in,8192,1024,3,5,0.002621,0.000294,"[0.002911, 0.002368, 0.002795, 0.002246, 0.002786]"
bitonic_parallel,in_8192.in,8192,2048,3,5,0.003755,0.001212,"[0.005028, 0.005134, 0.002917, 0.002833, 0.002861]"
bitonic_parallel,in_8192.in,8192,4096,3,5,0.002982,0.000079,"[0.003073, 0.00289, 0.002919, 0.003045, 0.002985]"
bitonic_parallel,in_8192.in,8192,1024,6,5,0.001542,0.000056,"[0.001605, 0.001587, 0.001486, 0.001548, 0.001483]"
bitonic_parallel,in_8192.in,8192,2048,6,5,0.001634,0.000007,"[0.001643, 0.001626, 0.001627, 0.001639, 0.001635]"
bitonic_parallel,in_8192.in,8192,4096,6,5,0.003050,0.000050,"[0.003076, 0.003068, 0.002962, 0.003085, 0.003058]"
bitonic_parallel,in_8192.in,8192,1024,12,5,0.001328,0.000047,"[0.001401, 0.001279, 0.001345, 0.001302, 0.001314]"
bitonic_parallel,in_8192.in,8192,2048,12,5,0.001684,0.000024,"[0.001712, 0.001684, 0.001664, 0.001703, 0.001658]"
bitonic_parallel,in_8192.in,8192,4096,12,5,0.003121,0.000085,"[0.003128, 0.003242, 0.003076, 0.003145, 0.003014]"
bitonic_parallel,in_16384.in,16384,1024,1,5,0.012607,0.000236,"[0.013004, 0.012622, 0.012397, 0.012531, 0.012482]"
bitonic_parallel,in_16384.in,16384,2048,1,5,0.012761,0.000218,"[0.012824, 0.012426, 0.012683, 0.01299, 0.012883]"
bitonic_parallel,in_16384.in,16384,4096,1,5,0.012651,0.000298,"[0.013164, 0.012474, 0.012586, 0.01262, 0.012413]"
bitonic_parallel,in_16384.in,16384,1024,3,5,0.006104,0.000079,"[0.006094, 0.006101, 0.006018, 0.006233, 0.006073]"
bitonic_parallel,in_16384.in,16384,2048,3,5,0.005993,0.000495,"[0.005112, 0.00622, 0.006287, 0.006168, 0.006178]"
bitonic_parallel,in_16384.in,16384,4096,3,5,0.006300,0.000053,"[0.006255, 0.006342, 0.006371, 0.006273, 0.00626]"
bitonic_parallel,in_16384.in,16384,1024,6,5,0.003370,0.000158,"[0.003343, 0.003623, 0.003398, 0.003212, 0.003272]"
bitonic_parallel,in_16384.in,16384,2048,6,5,0.003321,0.000087,"[0.003321, 0.003392, 0.00342, 0.003253, 0.003217]"
bitonic_parallel,in_16384.in,16384,4096,6,5,0.003593,0.000146,"[0.003849, 0.003502, 0.003567, 0.00355, 0.003497]"
bitonic_parallel,in_16384.in,16384,1024,12,5,0.002385,0.000104,"[0.002514, 0.002436, 0.002334, 0.00224, 0.002401]"
bitonic_parallel,in_16384.in,16384,2048,12,5,0.002706,0.000020,"[0.002711, 0.002678, 0.002727, 0.00272, 0.002693]"
bitonic_parallel,in_16384.in,16384,4096,12,5,0.003580,0.000088,"[0.003732, 0.003545, 0.003575, 0.003528, 0.003518]"
bitonic_parallel,in_32768.in,32768,1024,1,5,0.028761,0.001688,"[0.031761, 0.028083, 0.028292, 0.027829, 0.027841]"
bitonic_parallel,in_32768.in,32768,2048,1,5,0.027963,0.000310,"[0.028209, 0.02811, 0.027767, 0.027515, 0.028215]"
bitonic_parallel,in_32768.in,32768,4096,1,5,0.029011,0.000485,"[0.029834, 0.028621, 0.028713, 0.029031, 0.028858]"
bitonic_parallel,in_32768.in,32768,1024,3,5,0.013140,0.001273,"[0.014057, 0.013491, 0.01354, 0.013716, 0.010897]"
bitonic_parallel,in_32768.in,32768,2048,3,5,0.013370,0.001374,"[0.014089, 0.014007, 0.013786, 0.014047, 0.010921]"
bitonic_parallel,in_32768.in,32768,4096,3,5,0.013900,0.000202,"[0.013701, 0.014138, 0.014037, 0.013685, 0.013937]"
bitonic_parallel,in_32768.in,32768,1024,6,5,0.007334,0.000253,"[0.007664, 0.007087, 0.00709, 0.007498, 0.007331]"
bitonic_parallel,in_32768.in,32768,2048,6,5,0.007141,0.000409,"[0.007648, 0.007283, 0.006518, 0.007086, 0.007168]"
bitonic_parallel,in_32768.in,32768,4096,6,5,0.007416,0.000238,"[0.007573, 0.007082, 0.007324, 0.007702, 0.007398]"
bitonic_parallel,in_32768.in,32768,1024,12,5,0.004863,0.000136,"[0.004938, 0.004992, 0.004663, 0.004936, 0.004785]"
bitonic_parallel,in_32768.in,32768,2048,12,5,0.004806,0.000104,"[0.004822, 0.00495, 0.004657, 0.004813, 0.004788]"
bitonic_parallel,in_32768.in,32768,4096,12,5,0.005547,0.000077,"[0.005678, 0.005499, 0.005505, 0.005498, 0.005555]"
bitonic_parallel,in_65536.in,65536,1024,1,5,0.062218,0.000321,"[0.062221, 0.062767, 0.061955, 0.062056, 0.062093]"
bitonic_parallel,in_65536.in,65536,2048,1,5,0.062036,0.000351,"[0.062231, 0.061895, 0.062319, 0.062255, 0.061482]"
bitonic_parallel,in_65536.in,65536,4096,1,5,0.062392,0.000509,"[0.061589, 0.062712, 0.062927, 0.062343, 0.062391]"
bitonic_parallel,in_65536.in,65536,1024,3,5,0.027770,0.003558,"[0.030517, 0.029941, 0.030623, 0.024035, 0.023735]"
bitonic_parallel,in_65536.in,65536,2048,3,5,0.024996,0.002725,"[0.029869, 0.023771, 0.023718, 0.023834, 0.023787]"
bitonic_parallel,in_65536.in,65536,4096,3,5,0.027485,0.003336,"[0.029669, 0.02951, 0.023725, 0.023989, 0.030533]"
bitonic_parallel,in_65536.in,65536,1024,6,5,0.015644,0.000516,"[0.016084, 0.015283, 0.016038, 0.015893, 0.01492]"
bitonic_parallel,in_65536.in,65536,2048,6,5,0.016159,0.000533,"[0.016801, 0.015524, 0.015834, 0.016605, 0.01603]"
bitonic_parallel,in_65536.in,65536,4096,6,5,0.015266,0.000610,"[0.015192, 0.014772, 0.014864, 0.016302, 0.015199]"
bitonic_parallel,in_65536.in,65536,1024,12,5,0.010047,0.000257,"[0.010446, 0.009929, 0.009988, 0.009759, 0.010114]"
bitonic_parallel,in_65536.in,65536,2048,12,5,0.009898,0.000227,"[0.009905, 0.010116, 0.009756, 0.010118, 0.009597]"
bitonic_parallel,in_65536.in,65536,4096,12,5,0.010164,0.000072,"[0.010228, 0.010087, 0.010085, 0.010223, 0.010198]"
bitonic_parallel,in_131072.in,131072,1024,1,5,0.139490,0.000865,"[0.139742, 0.140731, 0.139604, 0.138478, 0.138894]"
bitonic_parallel,in_131072.in,131072,2048,1,5,0.138851,0.002046,"[0.141151, 0.140888, 0.136621, 0.138043, 0.137553]"
bitonic_parallel,in_131072.in,131072,4096,1,5,0.136773,0.001282,"[0.136454, 0.136187, 0.135699, 0.136536, 0.13899]"
bitonic_parallel,in_131072.in,131072,1024,3,5,0.053069,0.000540,"[0.05269, 0.053944, 0.05306, 0.052563, 0.053087]"
bitonic_parallel,in_131072.in,131072,2048,3,5,0.056094,0.005467,"[0.052787, 0.054234, 0.053401, 0.054236, 0.065812]"
bitonic_parallel,in_131072.in,131072,4096,3,5,0.055804,0.006150,"[0.0533, 0.066786, 0.052472, 0.053388, 0.053074]"
bitonic_parallel,in_131072.in,131072,1024,6,5,0.033683,0.001279,"[0.035711, 0.034098, 0.032442, 0.03311, 0.033055]"
bitonic_parallel,in_131072.in,131072,2048,6,5,0.034230,0.000751,"[0.033819, 0.033772, 0.035109, 0.033481, 0.034967]"
bitonic_parallel,in_131072.in,131072,4096,6,5,0.035281,0.000882,"[0.034022, 0.035035, 0.035845, 0.035159, 0.036345]"
bitonic_parallel,in_131072.in,131072,1024,12,5,0.020894,0.000561,"[0.021612, 0.021219, 0.020143, 0.020624, 0.020871]"
bitonic_parallel,in_131072.in,131072,2048,12,5,0.020958,0.001084,"[0.021245, 0.021133, 0.020023, 0.022535, 0.019852]"
bitonic_parallel,in_131072.in,131072,4096,12,5,0.020462,0.000704,"[0.021289, 0.020605, 0.01959, 0.019905, 0.020919]"
bitonic_parallel,in_262144.in,262144,1024,1,5,0.301997,0.003161,"[0.299684, 0.299933, 0.299587, 0.306261, 0.304521]"
bitonic_parallel,in_262144.in,262144,2048,1,5,0.301986,0.003122,"[0.306563, 0.30069, 0.298687, 0.303647, 0.300341]"
bitonic_parallel,in_262144.in,262144,4096,1,5,0.301617,0.002087,"[0.29997, 0.302242, 0.299937, 0.304948, 0.30099]"
bitonic_parallel,in_262144.in,262144,1024,3,5,0.136474,0.017641,"[0.149608, 0.150731, 0.116535, 0.117853, 0.147645]"
bitonic_parallel,in_262144.in,262144,2048,3,5,0.122763,0.011881,"[0.14383, 0.114835, 0.117892, 0.118407, 0.118852]"
bitonic_parallel,in_262144.in,262144,4096,3,5,0.134967,0.017320,"[0.116299, 0.148474, 0.115714, 0.147577, 0.146771]"
bitonic_parallel,in_262144.in,262144,1024,6,5,0.076315,0.003245,"[0.077586, 0.077366, 0.070553, 0.077658, 0.07841]"
bitonic_parallel,in_262144.in,262144,2048,6,5,0.074572,0.004289,"[0.075305, 0.078283, 0.067794, 0.073436, 0.07804]"
bitonic_parallel,in_262144.in,262144,4096,6,5,0.074747,0.003704,"[0.072236, 0.076368, 0.073011, 0.071616, 0.080503]"
bitonic_parallel,in_262144.in,262144,1024,12,5,0.045328,0.000881,"[0.045254, 0.044162, 0.046393, 0.044873, 0.04596]"
bitonic_parallel,in_262144.in,262144,2048,12,5,0.045904,0.003107,"[0.051395, 0.045165, 0.044427, 0.0447, 0.043834]"
bitonic_parallel,in_262144.in,262144,4096,12,5,0.044317,0.001236,"[0.044173, 0.046433, 0.044089, 0.043308, 0.043582]"
bitonic_parallel,in_524288.in,524288,1024,1,5,0.658094,0.001789,"[0.655407, 0.658759, 0.659843, 0.65924, 0.657219]"
bitonic_parallel,in_524288.in,524288,2048,1,5,0.663316,0.008430,"[0.667477, 0.660883, 0.655387, 0.656959, 0.675876]"
bitonic_parallel,in_524288.in,524288,4096,1,5,0.655553,0.003050,"[0.652607, 0.655913, 0.658389, 0.658617, 0.65224]"
bitonic_parallel,in_524288.in,524288,1024,3,5,0.265159,0.033117,"[0.324389, 0.251001, 0.250438, 0.249242, 0.250724]"
bitonic_parallel,in_524288.in,524288,2048,3,5,0.266398,0.027475,"[0.258504, 0.252537, 0.252737, 0.315341, 0.252869]"
bitonic_parallel,in_524288.in,524288,4096,3,5,0.263819,0.029379,"[0.251013, 0.254554, 0.248171, 0.249166, 0.316193]"
bitonic_parallel,in_524288.in,524288,1024,6,5,0.163471,0.005402,"[0.162057, 0.154739, 0.165514, 0.166667, 0.168379]"
bitonic_parallel,in_524288.in,524288,2048,6,5,0.162543,0.009742,"[0.169145, 0.145715, 0.16824, 0.167064, 0.16255]"
bitonic_parallel,in_524288.in,524288,4096,6,5,0.168088,0.003652,"[0.165665, 0.1659, 0.173234, 0.170655, 0.164987]"
bitonic_parallel,in_524288.in,524288,1024,12,5,0.098715,0.001137,"[0.100295, 0.097489, 0.099444, 0.098002, 0.098347]"
bitonic_parallel,in_524288.in,524288,2048,12,5,0.096947,0.001798,"[0.09676, 0.095284, 0.099612, 0.095377, 0.097702]"
bitonic_parallel,in_524288.in,524288,4096,12,5,0.097290,0.002494,"[0.097732, 0.101424, 0.096149, 0.096019, 0.095127]"
bitonic_parallel,in_1048576.in,1048576,1024,1,5,1.418607,0.004255,"[1.415429, 1.425656, 1.417873, 1.415147, 1.418931]"
bitonic_parallel,in_1048576.in,1048576,2048,1,5,1.425314,0.005858,"[1.424186, 1.425197, 1.422593, 1.435066, 1.419529]"
bitonic_parallel,in_1048576.in,1048576,4096,1,5,1.424996,0.009950,"[1.435472, 1.420277, 1.436056, 1.416262, 1.416911]"
bitonic_parallel,in_1048576.in,1048576,1024,3,5,0.579129,0.063059,"[0.545911, 0.547604, 0.55522, 0.55524, 0.691672]"
bitonic_parallel,in_1048576.in,1048576,2048,3,5,0.610404,0.070986,"[0.564511, 0.686586, 0.689484, 0.553287, 0.558153]"
bitonic_parallel,in_1048576.in,1048576,4096,3,5,0.639188,0.074115,"[0.55727, 0.559094, 0.692564, 0.700461, 0.68655]"
bitonic_parallel,in_1048576.in,1048576,1024,6,5,0.353112,0.008127,"[0.347544, 0.357023, 0.348023, 0.365684, 0.347284]"
bitonic_parallel,in_1048576.in,1048576,2048,6,5,0.355843,0.015312,"[0.362988, 0.371523, 0.348404, 0.363434, 0.332866]"
bitonic_parallel,in_1048576.in,1048576,4096,6,5,0.362420,0.010099,"[0.372889, 0.36306, 0.371682, 0.353757, 0.350711]"
bitonic_parallel,in_1048576.in,1048576,1024,12,5,0.213416,0.004721,"[0.210653, 0.217273, 0.211913, 0.207949, 0.21929]"
bitonic_parallel,in_1048576.in,1048576,2048,12,5,0.209971,0.004176,"[0.213725, 0.211306, 0.213758, 0.205273, 0.205791]"
bitonic_parallel,in_1048576.in,1048576,4096,12,5,0.210991,0.003497,"[0.210442, 0.206055, 0.213656, 0.214968, 0.209835]"
bitonic_parallel,in_2097152.in,2097152,1024,1,5,3.083093,0.009898,"[3.094831, 3.090815, 3.078623, 3.081176, 3.070022]"
bitonic_parallel,in_2097152.in,2097152,2048,1,5,3.075744,0.012475,"[3.076312, 3.06687, 3.084551, 3.090754, 3.060234]"
bitonic_parallel,in_2097152.in,2097152,4096,1,5,3.081033,0.010946,"[3.086286, 3.097302, 3.074901, 3.069405, 3.077273]"
bitonic_parallel,in_2097152.in,2097152,1024,3,5,1.365525,0.174560,"[1.496548, 1.17509, 1.486079, 1.173632, 1.496277]"
bitonic_parallel,in_2097152.in,2097152,2048,3,5,1.379123,0.170326,"[1.214371, 1.517388, 1.492179, 1.499017, 1.17266]"
bitonic_parallel,in_2097152.in,2097152,4096,3,5,1.368223,0.170517,"[1.494266, 1.493546, 1.172661, 1.490171, 1.190472]"
bitonic_parallel,in_2097152.in,2097152,1024,6,5,0.785836,0.027729,"[0.810466, 0.779249, 0.784514, 0.743682, 0.811271]"
bitonic_parallel,in_2097152.in,2097152,2048,6,5,0.760657,0.035882,"[0.727831, 0.812743, 0.725546, 0.76934, 0.767824]"
bitonic_parallel,in_2097152.in,2097152,4096,6,5,0.760245,0.051257,"[0.718743, 0.747805, 0.843524, 0.720417, 0.770738]"
bitonic_parallel,in_2097152.in,2097152,1024,12,5,0.462844,0.013179,"[0.466901, 0.456437, 0.483724, 0.457422, 0.449736]"
bitonic_parallel,in_2097152.in,2097152,2048,12,5,0.453136,0.006618,"[0.4481, 0.457695, 0.461942, 0.446071, 0.451873]"
bitonic_parallel,in_2097152.in,2097152,4096,12,5,0.456199,0.005666,"[0.451546, 0.449917, 0.455603, 0.461482, 0.462445]"
bitonic_parallel,in_4194304.in,4194304,1024,1,5,6.631152,0.014649,"[6.623463, 6.656068, 6.62468, 6.632049, 6.619502]"
bitonic_parallel,in_4194304.in,4194304,2048,1,5,6.643403,0.015927,"[6.625834, 6.635869, 6.668818, 6.644535, 6.641959]"
bitonic_parallel,in_4194304.in,4194304,4096,1,5,6.631175,0.012913,"[6.644729, 6.611751, 6.626541, 6.632595, 6.640258]"
bitonic_parallel,in_4194304.in,4194304,1024,3,5,2.984012,0.382604,"[3.293826, 3.233084, 2.533005, 2.599698, 3.260446]"
bitonic_parallel,in_4194304.in,4194304,2048,3,5,2.534595,0.008522,"[2.533959, 2.532956, 2.52959, 2.549094, 2.527375]"
bitonic_parallel,in_4194304.in,4194304,4096,3,5,2.956215,0.383931,"[2.527173, 3.203992, 3.281227, 3.222113, 2.546572]"
bitonic_parallel,in_4194304.in,4194304,1024,6,5,1.633171,0.043002,"[1.680705, 1.616945, 1.572692, 1.667641, 1.62787]"
bitonic_parallel,in_4194304.in,4194304,2048,6,5,1.672329,0.094475,"[1.687397, 1.686496, 1.734543, 1.743272, 1.509939]"
bitonic_parallel,in_4194304.in,4194304,4096,6,5,1.598979,0.080013,"[1.520868, 1.512004, 1.691565, 1.615966, 1.654494]"
bitonic_parallel,in_4194304.in,4194304,1024,12,5,0.992073,0.011173,"[0.978334, 1.007629, 0.99545, 0.984801, 0.994152]"
bitonic_parallel,in_4194304.in,4194304,2048,12,5,0.986341,0.021087,"[1.017308, 0.975543, 0.962026, 0.981228, 0.995602]"
bitonic_parallel,in_4194304.in,4194304,4096,12,5,0.977064,0.017233,"[0.955487, 0.982651, 0.968777, 1.002005, 0.976402]"
bitonic_parallel,in_8388608.in,8388608,1024,1,5,14.283583,0.024427,"[14.288928, 14.261049, 14.323055, 14.277135, 14.267748]"
bitonic_parallel,in_8388608.in,8388608,2048,1,5,14.471186,0.288560,"[14.902323, 14.63597, 14.291784, 14.239428, 14.286423]"
bitonic_parallel,in_8388608.in,8388608,4096,1,5,14.264572,0.037640,"[14.266903, 14.254271, 14.220314, 14.3241, 14.25727]"
bitonic_parallel,in_8388608.in,8388608,1024,3,5,6.976972,0.053925,"[6.951473, 6.956474, 7.072659, 6.961367, 6.942885]"
bitonic_parallel,in_8388608.in,8388608,2048,3,5,5.751035,0.639654,"[5.476227, 6.895175, 5.458621, 5.470524, 5.454626]"
bitonic_parallel,in_8388608.in,8388608,4096,3,5,6.377027,0.799673,"[7.015581, 5.520855, 5.483044, 6.925961, 6.939692]"
bitonic_parallel,in_8388608.in,8388608,1024,6,5,3.541431,0.178775,"[3.773521, 3.478572, 3.515894, 3.297758, 3.641412]"
bitonic_parallel,in_8388608.in,8388608,2048,6,5,3.500946,0.162568,"[3.563385, 3.760115, 3.385394, 3.403565, 3.392269]"
bitonic_parallel,in_8388608.in,8388608,4096,6,5,3.421161,0.171740,"[3.611206, 3.201378, 3.558124, 3.434814, 3.300284]"
bitonic_parallel,in_8388608.in,8388608,1024,12,5,2.151397,0.056650,"[2.106566, 2.122516, 2.249216, 2.131167, 2.147518]"
bitonic_parallel,in_8388608.in,8388608,2048,12,5,2.159323,0.063583,"[2.134239, 2.089864, 2.140874, 2.260504, 2.171132]"
bitonic_parallel,in_8388608.in,8388608,4096,12,5,2.145360,0.056376,"[2.120201, 2.225282, 2.177027, 2.080296, 2.123996]"
bitonic_parallel,in_16777216.in,16777216,1024,1,5,30.983677,0.623123,"[32.089976, 30.838613, 30.663649, 30.653129, 30.673018]"
bitonic_parallel,in_16777216.in,16777216,2048,1,5,30.617236,0.089668,"[30.743982, 30.581635, 30.497779, 30.640306, 30.62248]"
bitonic_parallel,in_16777216.in,16777216,4096,1,5,30.621138,0.032501,"[30.657515, 30.635963, 30.588086, 30.585368, 30.638756]"
bitonic_parallel,in_16777216.in,16777216,1024,3,5,12.344178,1.457635,"[11.767602, 11.749228, 11.542256, 11.715034, 14.946772]"
bitonic_parallel,in_16777216.in,16777216,2048,3,5,12.404280,1.551121,"[15.178179, 11.690141, 11.660334, 11.757759, 11.734989]"
bitonic_parallel,in_16777216.in,16777216,4096,3,5,13.019281,1.769866,"[11.74303, 14.907514, 11.697109, 15.007645, 11.741105]"
bitonic_parallel,in_16777216.in,16777216,1024,6,5,7.744462,0.141727,"[7.501724, 7.842209, 7.744976, 7.789934, 7.843469]"
bitonic_parallel,in_16777216.in,16777216,2048,6,5,7.552443,0.533211,"[7.737929, 7.82006, 6.604037, 7.867526, 7.732664]"
bitonic_parallel,in_16777216.in,16777216,4096,6,5,7.784703,0.193600,"[7.776112, 7.615874, 7.991605, 7.572348, 7.967578]"
bitonic_parallel,in_16777216.in,16777216,1024,12,5,4.614718,0.110738,"[4.659566, 4.716801, 4.622796, 4.647985, 4.426443]"
bitonic_parallel,in_16777216.in,16777216,2048,12,5,4.579158,0.152730,"[4.552447, 4.587169, 4.477949, 4.832886, 4.445341]"
bitonic_parallel,in_16777216.in,16777216,4096,12,5,4.484776,0.054934,"[4.408836, 4.505429, 4.516939, 4.54417, 4.448504]"
mergesort,in_1.in,1,0,1,5,0.000000,0.000000,"[0.0, 0.0, 1e-06, 0.0, 0.0]"
mergesort,in_2.in,2,0,1,5,0.000001,0.000001,"[1e-06, 1e-06, 0.0, 1e-06, 0.0]"
mergesort,in_4.in,4,0,1,5,0.000001,0.000000,"[1e-06, 1e-06, 0.0, 1e-06, 1e-06]"
mergesort,in_8.in,8,0,1,5,0.000001,0.000000,"[1e-06, 1e-06, 1e-06, 2e-06, 1e-06]"
mergesort,in_16.in,16,0,1,5,0.000002,0.000000,"[2e-06, 3e-06, 2e-06, 2e-06, 2e-06]"
mergesort,in_32.in,32,0,1,5,0.000004,0.000000,"[3e-06, 4e-06, 4e-06, 4e-06, 4e-06]"
mergesort,in_64.in,64,0,1,5,0.000006,0.000001,"[6e-06, 6e-06, 7e-06, 7e-06, 6e-06]"
mergesort,in_128.in,128,0,1,5,0.000013,0.000002,"[1.7e-05, 1.3e-05, 1.2e-05, 1.2e-05, 1.3e-05]"
mergesort,in_256.in,256,0,1,5,0.000025,0.000001,"[2.5e-05, 2.4e-05, 2.4e-05, 2.5e-05, 2.5e-05]"
mergesort,in_512.in,512,0,1,5,0.000054,0.000002,"[5.7e-05, 5.2e-05, 5.2e-05, 5.3e-05, 5.4e-05]"
mergesort,in_1024.in,1024,0,1,5,0.000111,0.000006,"[0.000111, 0.000115, 0.000109, 0.000102, 0.000116]"
mergesort,in_2048.in,2048,0,1,5,0.000228,0.000001,"[0.000228, 0.000227, 0.000228, 0.000229, 0.000226]"
mergesort,in_4096.in,4096,0,1,5,0.000484,0.000009,"[0.00048, 0.000483, 0.000499, 0.000477, 0.000479]"
mergesort,in_8192.in,8192,0,1,5,0.001005,0.000011,"[0.001022, 0.001007, 0.001007, 0.000994, 0.000995]"
mergesort,in_16384.in,16384,0,1,5,0.002132,0.000037,"[0.002148, 0.002189, 0.002101, 0.002113, 0.002108]"
mergesort,in_32768.in,32768,0,1,5,0.004504,0.000071,"[0.004603, 0.004484, 0.004438, 0.004548, 0.004445]"
mergesort,in_65536.in,65536,0,1,5,0.009580,0.000150,"[0.009622, 0.009539, 0.009416, 0.009813, 0.00951]"
mergesort,in_131072.in,131072,0,1,5,0.019952,0.000177,"[0.020065, 0.019747, 0.019999, 0.020158, 0.019791]"
mergesort,in_262144.in,262144,0,1,5,0.042504,0.000722,"[0.043, 0.041857, 0.04319, 0.041602, 0.042873]"
mergesort,in_524288.in,524288,0,1,5,0.087512,0.001939,"[0.090492, 0.088425, 0.086542, 0.085821, 0.086279]"
mergesort,in_1048576.in,1048576,0,1,5,0.183069,0.001742,"[0.184895, 0.182238, 0.180522, 0.184306, 0.183382]"
mergesort,in_2097152.in,2097152,0,1,5,0.383035,0.002991,"[0.38651, 0.385662, 0.3795, 0.381038, 0.382466]"
mergesort,in_4194304.in,4194304,0,1,5,0.797952,0.009900,"[0.799708, 0.814081, 0.792912, 0.788298, 0.794761]"
mergesort,in_8388608.in,8388608,0,1,5,1.654507,0.006621,"[1.659948, 1.65247, 1.662843, 1.647372, 1.649902]"
mergesort,in_16777216.in,16777216,0,1,5,3.428646,0.011925,"[3.42917, 3.415408, 3.418454, 3.436416, 3.443782]"
mergesort_parallel,in_1.in,1,1024,1,5,0.000005,0.000003,"[1e-05, 4e-06, 5e-06, 4e-06, 3e-06]"
mergesort_parallel,in_1.in,1,2048,1,5,0.000006,0.000002,"[9e-06, 4e-06, 6e-06, 6e-06, 5e-06]"
mergesort_parallel,in_1.in,1,4096,1,5,0.000005,0.000001,"[6e-06, 5e-06, 5e-06, 4e-06, 4e-06]"
mergesort_parallel,in_1.in,1,1024,3,5,0.000039,0.000006,"[4e-05, 3.3e-05, 4.7e-05, 3.4e-05, 3.9e-05]"
mergesort_parallel,in_1.in,1,2048,3,5,0.000035,0.000004,"[4.2e-05, 3e-05, 3.4e-05, 3.6e-05, 3.3e-05]"
mergesort_parallel,in_1.in,1,4096,3,5,0.000051,0.000023,"[5.3e-05, 9.1e-05, 3.7e-05, 4.1e-05, 3.5e-05]"
mergesort_parallel,in_1.in,1,1024,6,5,0.000057,0.000004,"[6.3e-05, 5.5e-05, 5.4e-05, 5.6e-05, 5.7e-05]"
mergesort_parallel,in_1.in,1,2048,6,5,0.000054,0.000002,"[5.6e-05, 5.1e-05, 5.5e-05, 5.6e-05, 5.4e-05]"
mergesort_parallel,in_1.in,1,4096,6,5,0.000057,0.000010,"[5.2e-05, 7.4e-05, 5.3e-05, 5.1e-05, 5.5e-05]"
mergesort_parallel,in_1.in,1,1024,12,5,0.000099,0.000006,"[0.000102, 0.000107, 9.3e-05, 9.7e-05, 9.6e-05]"
mergesort_parallel,in_1.in,1,2048,12,5,0.000127,0.000047,"[0.000118, 0.00021, 0.0001, 9.9e-05, 0.000108]"
mergesort_parallel,in_1.in,1,4096,12,5,0.000096,0.000005,"[0.0001, 9e-05, 9.3e-05, 9.5e-05, 0.000103]"
mergesort_parallel,in_2.in,2,1024,1,5,0.000004,0.000001,"[4e-06, 4e-06, 5e-06, 4e-06, 5e-06]"
mergesort_parallel,in_2.in,2,2048,1,5,0.000005,0.000001,"[5e-06, 4e-06, 6e-06, 4e-06, 4e-06]"
mergesort_parallel,in_2.in,2,4096,1,5,0.000004,0.000001,"[4e-06, 4e-06, 4e-06, 5e-06, 5e-06]"
mergesort_parallel,in_2.in,2,1024,3,5,0.000035,0.000005,"[3.6e-05, 3.1e-05, 4.4e-05, 3.3e-05, 3.1e-05]"
mergesort_parallel,in_2.in,2,2048,3,5,0.000034,0.000002,"[3.1e-05, 3.4e-05, 3.7e-05, 3.5e-05, 3.3e-05]"
mergesort_parallel,in_2.in,2,4096,3,5,0.000033,0.000004,"[3.2e-05, 3e-05, 3e-05, 3.5e-05, 3.9e-05]"
mergesort_parallel,in_2.in,2,1024,6,5,0.000054,0.000003,"[5.9e-05, 5.5e-05, 5.2e-05, 5.2e-05, 5.1e-05]"
mergesort_parallel,in_2.in,2,2048,6,5,0.000056,0.000005,"[5.2e-05, 5.3e-05, 6.4e-05, 5.1e-05, 5.8e-05]"
mergesort_parallel,in_2.in,2,4096,6,5,0.000059,0.000005,"[5.2e-05, 6.3e-05, 5.7e-05, 5.7e-05, 6.5e-05]"
mergesort_parallel,in_2.in,2,1024,12,5,0.000098,0.000006,"[9e-05, 0.0001, 9.8e-05, 9.8e-05, 0.000106]"
mergesort_parallel,in_2.in,2,2048,12,5,0.000100,0.000010,"[0.000103, 9.1e-05, 9.1e-05, 0.000116, 9.8e-05]"
mergesort_parallel,in_2.in,2,4096,12,5,0.000096,0.000007,"[0.000102, 8.8e-05, 0.000101, 9.8e-05, 8.9e-05]"
mergesort_parallel,in_4.in,4,1024,1,5,0.000005,0.000001,"[5e-06, 6e-06, 5e-06, 5e-06, 4e-06]"
mergesort_parallel,in_4.in,4,2048,1,5,0.000005,0.000001,"[5e-06, 4e-06, 6e-06, 5e-06, 5e-06]"
mergesort_parallel,in_4.in,4,4096,1,5,0.000006,0.000002,"[4e-06, 5e-06, 5e-06, 9e-06, 5e-06]"
mergesort_parallel,in_4.in,4,1024,3,5,0.000033,0.000002,"[3.6e-05, 3.4e-05, 3.3e-05, 3.1e-05, 3.1e-05]"
mergesort_parallel,in_4.in,4,2048,3,5,0.000036,0.000005,"[3.2e-05, 3e-05, 4.4e-05, 3.7e-05, 3.8e-05]"
mergesort_parallel,in_4.in,4,4096,3,5,0.000034,0.000005,"[3.1e-05, 3.2e-05, 3.1e-05, 4.3e-05, 3.5e-05]"
mergesort_parallel,in_4.in,4,1024,6,5,0.000059,0.000005,"[5.6e-05, 5.8e-05, 5.6e-05, 6.7e-05, 5.7e-05]"
mergesort_parallel,in_4.in,4,2048,6,5,0.000055,0.000002,"[5.6e-05, 5.4e-05, 5.7e-05, 5.7e-05, 5.2e-05]"
mergesort_parallel,in_4.in,4,4096,6,5,0.000058,0.000002,"[6.1e-05, 5.7e-05, 5.9e-05, 6e-05, 5.5e-05]"
mergesort_parallel,in_4.in,4,1024,12,5,0.000110,0.000008,"[0.000106, 0.000112, 0.0001, 0.000108, 0.000122]"
mergesort_parallel,in_4.in,4,2048,12,5,0.000112,0.000015,"[0.00012, 0.000133, 0.000106, 9.6e-05, 0.000105]"
mergesort_parallel,in_4.in,4,4096,12,5,0.000112,0.000023,"[0.000102, 0.000104, 0.000153, 9.7e-05, 0.000105]"
mergesort_parallel,in_8.in,8,1024,1,5,0.000007,0.000001,"[7e-06, 6e-06, 6e-06, 7e-06, 7e-06]"
mergesort_parallel,in_8.in,8,2048,1,5,0.000008,0.000002,"[6e-06, 1e-05, 8e-06, 7e-06, 7e-06]"
mergesort_parallel,in_8.in,8,4096,1,5,0.000007,0.000001,"[6e-06, 7e-06, 7e-06, 7e-06, 6e-06]"
mergesort_parallel,in_8.in,8,1024,3,5,0.000038,0.000004,"[4.2e-05, 3.7e-05, 3.3e-05, 3.7e-05, 4.2e-05]"
mergesort_parallel,in_8.in,8,2048,3,5,0.000039,0.000008,"[3.7e-05, 3.3e-05, 3.2e-05, 4.4e-05, 5e-05]"
mergesort_parallel,in_8.in,8,4096,3,5,0.000039,0.000002,"[3.7e-05, 3.9e-05, 3.9e-05, 4.2e-05, 3.6e-05]"
mergesort_parallel,in_8.in,8,1024,6,5,0.000060,0.000004,"[5.8e-05, 5.8e-05, 6.5e-05, 6.2e-05, 5.5e-05]"
mergesort_parallel,in_8.in,8,2048,6,5,0.000062,0.000007,"[6.2e-05, 7.1e-05, 5.4e-05, 5.8e-05, 6.6e-05]"
mergesort_parallel,in_8.in,8,4096,6,5,0.000115,0.000063,"[5.7e-05, 5.9e-05, 0.000203, 0.000154, 0.000102]"
mergesort_parallel,in_8.in,8,1024,12,5,0.000120,0.000026,"[0.000141, 0.000154, 9.7e-05, 0.000102, 0.000107]"
mergesort_parallel,in_8.in,8,2048,12,5,0.000113,0.000012,"[0.000134, 0.000116, 0.000105, 0.000106, 0.000106]"
mergesort_parallel,in_8.in,8,4096,12,5,0.000113,0.000006,"[0.000106, 0.000118, 0.000109, 0.000116, 0.000118]"
mergesort_parallel,in_16.in,16,1024,1,5,0.000008,0.000001,"[7e-06, 7e-06, 9e-06, 1e-05, 9e-06]"
mergesort_parallel,in_16.in,16,2048,1,5,0.000007,0.000000,"[7e-06, 8e-06, 7e-06, 7e-06, 7e-06]"
mergesort_parallel,in_16.in,16,4096,1,5,0.000008,0.000001,"[7e-06, 7e-06, 7e-06, 9e-06, 9e-06]"
mergesort_parallel,in_16.in,16,1024,3,5,0.000041,0.000002,"[3.9e-05, 3.9e-05, 4.1e-05, 4.2e-05, 4.2e-05]"
mergesort_parallel,in_16.in,16,2048,3,5,0.000042,0.000003,"[4.6e-05, 4.1e-05, 4.2e-05, 3.9e-05, 4.1e-05]"
mergesort_parallel,in_16.in,16,4096,3,5,0.000038,0.000002,"[3.6e-05, 4e-05, 3.9e-05, 3.7e-05, 3.7e-05]"
mergesort_parallel,in_16.in,16,1024,6,5,0.000056,0.000005,"[5.8e-05, 5.4e-05, 5.6e-05, 6.2e-05, 4.9e-05]"
mergesort_parallel,in_16.in,16,2048,6,5,0.000056,0.000002,"[5.4e-05, 5.5e-05, 5.5e-05, 5.9e-05, 5.5e-05]"
mergesort_parallel,in_16.in,16,4096,6,5,0.000058,0.000006,"[5.3e-05, 6.4e-05, 5.3e-05, 5.5e-05, 6.6e-05]"
mergesort_parallel,in_16.in,16,1024,12,5,0.000107,0.000018,"[0.0001, 0.000136, 0.000113, 9e-05, 9.5e-05]"
mergesort_parallel,in_16.in,16,2048,12,5,0.000127,0.000051,"[9.9e-05, 0.000101, 0.000118, 0.000101, 0.000218]"
mergesort_parallel,in_16.in,16,4096,12,5,0.000127,0.000031,"[0.000118, 0.00013, 0.000179, 0.0001, 0.000107]"
mergesort_parallel,in_32.in,32,1024,1,5,0.000010,0.000001,"[9e-06, 1e-05, 1e-05, 1.1e-05, 9e-06]"
mergesort_parallel,in_32.in,32,2048,1,5,0.000011,0.000002,"[1.1e-05, 1e-05, 1e-05, 1.4e-05, 1e-05]"
mergesort_parallel,in_32.in,32,4096,1,5,0.000011,0.000001,"[1.1e-05, 1.1e-05, 1e-05, 1.2e-05, 1.1e-05]"
mergesort_parallel,in_32.in,32,1024,3,5,0.000042,0.000006,"[3.8e-05, 5.1e-05, 3.5e-05, 4.1e-05, 4.6e-05]"
mergesort_parallel,in_32.in,32,2048,3,5,0.000046,0.000007,"[4e-05, 4.5e-05, 4.5e-05, 5.7e-05, 4.1e-05]"
mergesort_parallel,in_32.in,32,4096,3,5,0.000045,0.000005,"[4.4e-05, 3.7e-05, 4.6e-05, 4.8e-05, 4.8e-05]"
mergesort_parallel,in_32.in,32,1024,6,5,0.000063,0.000006,"[5.9e-05, 5.8e-05, 6.5e-05, 7.2e-05, 6.3e-05]"
mergesort_parallel,in_32.in,32,2048,6,5,0.000066,0.000006,"[6.3e-05, 7.4e-05, 6.5e-05, 5.9e-05, 6.7e-05]"
mergesort_parallel,in_32.in,32,4096,6,5,0.000072,0.000007,"[6.9e-05, 7.3e-05, 6.2e-05, 8.2e-05, 7.4e-05]"
mergesort_parallel,in_32.in,32,1024,12,5,0.000134,0.000009,"[0.000143, 0.00012, 0.00014, 0.000133, 0.000132]"
mergesort_parallel,in_32.in,32,2048,12,5,0.000136,0.000021,"[0.000167, 0.000135, 0.000114, 0.000144, 0.000118]"
mergesort_parallel,in_32.in,32,4096,12,5,0.000126,0.000009,"[0.000114, 0.000122, 0.000128, 0.000139, 0.000126]"
mergesort_parallel,in_64.in,64,1024,1,5,0.000012,0.000000,"[1.2e-05, 1.2e-05, 1.2e-05, 1.2e-05, 1.3e-05]"
mergesort_parallel,in_64.in,64,2048,1,5,0.000013,0.000001,"[1.3e-05, 1.3e-05, 1.4e-05, 1.2e-05, 1.3e-05]"
mergesort_parallel,in_64.in,64,4096,1,5,0.000013,0.000002,"[1.6e-05, 1.1e-05, 1.3e-05, 1.3e-05, 1.2e-05]"
mergesort_parallel,in_64.in,64,1024,3,5,0.000046,0.000007,"[5.2e-05, 4.3e-05, 4.5e-05, 5.5e-05, 3.7e-05]"
mergesort_parallel,in_64.in,64,2048,3,5,0.000044,0.000006,"[4.3e-05, 5.3e-05, 3.7e-05, 4.4e-05, 4.1e-05]"
mergesort_parallel,in_64.in,64,4096,3,5,0.000046,0.000004,"[4.3e-05, 4.9e-05, 4.6e-05, 5e-05, 4.2e-05]"
mergesort_parallel,in_64.in,64,1024,6,5,0.000058,0.000008,"[5.3e-05, 7.2e-05, 5.5e-05, 5.9e-05, 5.3e-05]"
mergesort_parallel,in_64.in,64,2048,6,5,0.000058,0.000007,"[5.1e-05, 5.6e-05, 5.4e-05, 5.8e-05, 6.9e-05]"
mergesort_parallel,in_64.in,64,4096,6,5,0.000066,0.000012,"[5.6e-05, 7e-05, 6.1e-05, 8.5e-05, 5.9e-05]"
mergesort_parallel,in_64.in,64,1024,12,5,0.000114,0.000007,"[0.000115, 0.00012, 0.000104, 0.000111, 0.000119]"
mergesort_parallel,in_64.in,64,2048,12,5,0.000111,0.000016,"[0.00011, 0.000131, 9.2e-05, 0.000122, 0.000102]"
mergesort_parallel,in_64.in,64,4096,12,5,0.000109,0.000012,"[9.7e-05, 0.000129, 0.000108, 0.000104, 0.000106]"
mergesort_parallel,in_128.in,128,1024,1,5,0.000020,0.000002,"[1.9e-05, 2.4e-05, 2e-05, 1.9e-05, 1.9e-05]"
mergesort_parallel,in_128.in,128,2048,1,5,0.000019,0.000001,"[1.8e-05, 2.1e-05, 1.9e-05, 1.8e-05, 2e-05]"
mergesort_parallel,in_128.in,128,4096,1,5,0.000020,0.000002,"[1.8e-05, 1.9e-05, 2.4e-05, 1.8e-05, 2e-05]"
mergesort_parallel,in_128.in,128,1024,3,5,0.000054,0.000009,"[5.2e-05, 6.7e-05, 5.1e-05, 5.7e-05, 4.4e-05]"
mergesort_parallel,in_128.in,128,2048,3,5,0.000052,0.000004,"[5.8e-05, 5.1e-05, 5.5e-05, 4.8e-05, 5e-05]"
mergesort_parallel,in_128.in,128,4096,3,5,0.000053,0.000008,"[5e-05, 6.5e-05, 5e-05, 5.5e-05, 4.3e-05]"
mergesort_parallel,in_128.in,128,1024,6,5,0.000067,0.000007,"[6.8e-05, 6.5e-05, 7.8e-05, 6.8e-05, 5.8e-05]"
mergesort_parallel,in_128.in,128,2048,6,5,0.000069,0.000004,"[7.5e-05, 6.5e-05, 6.7e-05, 7.2e-05, 6.6e-05]"
mergesort_parallel,in_128.in,128,4096,6,5,0.000074,0.000013,"[6.8e-05, 7.3e-05, 9.6e-05, 6.2e-05, 7e-05]"
mergesort_parallel,in_128.in,128,1024,12,5,0.000124,0.000021,"[0.000103, 0.000133, 0.000142, 0.000142, 9.8e-05]"
mergesort_parallel,in_128.in,128,2048,12,5,0.000111,0.000015,"[0.000105, 0.000106, 0.000136, 9.8e-05, 0.000112]"
mergesort_parallel,in_128.in,128,4096,12,5,0.000122,0.000020,"[9.9e-05, 0.000135, 0.000132, 0.000143, 0.000101]"
mergesort_parallel,in_256.in,256,1024,1,5,0.000035,0.000003,"[3.9e-05, 3.7e-05, 3.3e-05, 3.3e-05, 3.3e-05]"
mergesort_parallel,in_256.in,256,2048,1,5,0.000034,0.000001,"[3.3e-05, 3.3e-05, 3.6e-05, 3.5e-05, 3.4e-05]"
mergesort_parallel,in_256.in,256,4096,1,5,0.000034,0.000001,"[3.6e-05, 3.5e-05, 3.4e-05, 3.4e-05, 3.3e-05]"
mergesort_parallel,in_256.in,256,1024,3,5,0.000067,0.000002,"[6.4e-05, 6.9e-05, 6.5e-05, 6.9e-05, 6.9e-05]"
mergesort_parallel,in_256.in,256,2048,3,5,0.000068,0.000003,"[6.7e-05, 7.2e-05, 6.8e-05, 6.3e-05, 7e-05]"
mergesort_parallel,in_256.in,256,4096,3,5,0.000064,0.000002,"[6.3e-05, 6.6e-05, 6.6e-05, 6.1e-05, 6.6e-05]"
mergesort_parallel,in_256.in,256,1024,6,5,0.000086,0.000003,"[8.8e-05, 8.8e-05, 8.1e-05, 8.8e-05, 8.4e-05]"
mergesort_parallel,in_256.in,256,2048,6,5,0.000082,0.000007,"[7.4e-05, 9.3e-05, 8e-05, 8.4e-05, 7.9e-05]"
mergesort_parallel,in_256.in,256,4096,6,5,0.000082,0.000006,"[7.9e-05, 8.9e-05, 8.8e-05, 7.7e-05, 7.5e-05]"
mergesort_parallel,in_256.in,256,1024,12,5,0.000126,0.000027,"[0.00012, 0.000115, 0.000174, 0.000111, 0.000112]"
mergesort_parallel,in_256.in,256,2048,12,5,0.000121,0.000013,"[0.000113, 0.000123, 0.000143, 0.000109, 0.000116]"
mergesort_parallel,in_256.in,256,4096,12,5,0.000124,0.000016,"[0.000125, 0.000117, 0.000151, 0.000112, 0.000113]"
mergesort_parallel,in_512.in,512,1024,1,5,0.000072,0.000007,"[8.4e-05, 6.7e-05, 6.8e-05, 6.9e-05, 7e-05]"
mergesort_parallel,in_512.in,512,2048,1,5,0.000071,0.000004,"[6.9e-05, 7.5e-05, 7.4e-05, 7.4e-05, 6.5e-05]"
mergesort_parallel,in_512.in,512,4096,1,5,0.000068,0.000002,"[7.2e-05, 6.6e-05, 6.8e-05, 6.7e-05, 6.9e-05]"
mergesort_parallel,in_512.in,512,1024,3,5,0.000103,0.000009,"[0.000102, 0.000111, 9.6e-05, 0.000114, 9.3e-05]"
mergesort_parallel,in_512.in,512,2048,3,5,0.000102,0.000006,"[9.4e-05, 0.000104, 0.00011, 9.8e-05, 0.000103]"
mergesort_parallel,in_512.in,512,4096,3,5,0.000102,0.000004,"[9.9e-05, 0.000105, 9.9e-05, 0.000101, 0.000107]"
mergesort_parallel,in_512.in,512,1024,6,5,0.000123,0.000012,"[0.000137, 0.000129, 0.000126, 0.000112, 0.000109]"
mergesort_parallel,in_512.in,512,2048,6,5,0.000118,0.000004,"[0.000122, 0.00012, 0.000122, 0.000115, 0.000113]"
mergesort_parallel,in_512.in,512,4096,6,5,0.000114,0.000001,"[0.000115, 0.000115, 0.000114, 0.000114, 0.000112]"
mergesort_parallel,in_512.in,512,1024,12,5,0.000167,0.000040,"[0.000143, 0.000238, 0.000149, 0.00016, 0.000144]"
mergesort_parallel,in_512.in,512,2048,12,5,0.000150,0.000010,"[0.000143, 0.000145, 0.000168, 0.000144, 0.000149]"
mergesort_parallel,in_512.in,512,4096,12,5,0.000170,0.000043,"[0.000149, 0.000246, 0.000151, 0.000151, 0.000151]"
mergesort_parallel,in_1024.in,1024,1024,1,5,0.000133,0.000003,"[0.000131, 0.00013, 0.000131, 0.000138, 0.000135]"
mergesort_parallel,in_1024.in,1024,2048,1,5,0.000136,0.000004,"[0.000134, 0.000133, 0.000133, 0.000142, 0.000136]"
mergesort_parallel,in_1024.in,1024,4096,1,5,0.000134,0.000002,"[0.000135, 0.000132, 0.000136, 0.000134, 0.000133]"
mergesort_parallel,in_1024.in,1024,1024,3,5,0.000170,0.000006,"[0.000172, 0.000166, 0.000163, 0.000179, 0.00017]"
mergesort_parallel,in_1024.in,1024,2048,3,5,0.000163,0.000003,"[0.000162, 0.000162, 0.00016, 0.000163, 0.000167]"
mergesort_parallel,in_1024.in,1024,4096,3,5,0.000167,0.000011,"[0.000164, 0.000185, 0.000157, 0.000169, 0.000158]"
mergesort_parallel,in_1024.in,1024,1024,6,5,0.000182,0.000006,"[0.00019, 0.000183, 0.000176, 0.000185, 0.000177]"
mergesort_parallel,in_1024.in,1024,2048,6,5,0.000185,0.000003,"[0.000184, 0.000185, 0.000189, 0.00018, 0.000185]"
mergesort_parallel,in_1024.in,1024,4096,6,5,0.000191,0.000017,"[0.000188, 0.000219, 0.000194, 0.00018, 0.000175]"
mergesort_parallel,in_1024.in,1024,1024,12,5,0.000227,0.000006,"[0.00023, 0.000223, 0.000227, 0.000235, 0.000219]"
mergesort_parallel,in_1024.in,1024,2048,12,5,0.000219,0.000008,"[0.000207, 0.000227, 0.000217, 0.000217, 0.000227]"
mergesort_parallel,in_1024.in,1024,4096,12,5,0.000235,0.000050,"[0.000223, 0.000324, 0.000212, 0.00021, 0.000208]"
mergesort_parallel,in_2048.in,2048,1024,1,5,0.000276,0.000008,"[0.000284, 0.000282, 0.000277, 0.000269, 0.000267]"
mergesort_parallel,in_2048.in,2048,2048,1,5,0.000271,0.000007,"[0.000264, 0.000269, 0.000266, 0.000281, 0.000275]"
mergesort_parallel,in_2048.in,2048,4096,1,5,0.000270,0.000004,"[0.000276, 0.00027, 0.000272, 0.000267, 0.000267]"
mergesort_parallel,in_2048.in,2048,1024,3,5,0.000192,0.000004,"[0.000189, 0.000194, 0.000187, 0.000194, 0.000196]"
mergesort_parallel,in_2048.in,2048,2048,3,5,0.000313,0.000034,"[0.000289, 0.0003, 0.000373, 0.000308, 0.000297]"
mergesort_parallel,in_2048.in,2048,4096,3,5,0.000301,0.000007,"[0.000296, 0.000311, 0.000305, 0.000298, 0.000295]"
mergesort_parallel,in_2048.in,2048,1024,6,5,0.000205,0.000006,"[0.000203, 0.000208, 0.000206, 0.000212, 0.000197]"
mergesort_parallel,in_2048.in,2048,2048,6,5,0.000327,0.000004,"[0.000332, 0.000331, 0.000325, 0.000323, 0.000323]"
mergesort_parallel,in_2048.in,2048,4096,6,5,0.000321,0.000004,"[0.000316, 0.000326, 0.000323, 0.000322, 0.00032]"
mergesort_parallel,in_2048.in,2048,1024,12,5,0.000246,0.000008,"[0.000256, 0.000239, 0.00024, 0.000253, 0.00024]"
mergesort_parallel,in_2048.in,2048,2048,12,5,0.000365,0.000010,"[0.000365, 0.000363, 0.000349, 0.000372, 0.000376]"
mergesort_parallel,in_2048.in,2048,4096,12,5,0.000369,0.000010,"[0.000362, 0.000384, 0.000374, 0.000361, 0.000366]"
mergesort_parallel,in_4096.in,4096,1024,1,5,0.000556,0.000014,"[0.000556, 0.000555, 0.000577, 0.000539, 0.000554]"
mergesort_parallel,in_4096.in,4096,2048,1,5,0.000690,0.000178,"[0.000578, 0.000923, 0.000548, 0.000839, 0.00056]"
mergesort_parallel,in_4096.in,4096,4096,1,5,0.000741,0.000249,"[0.000571, 0.000997, 0.000556, 0.000551, 0.001029]"
mergesort_parallel,in_4096.in,4096,1024,3,5,0.000359,0.000006,"[0.000366, 0.000364, 0.000359, 0.000356, 0.00035]"
mergesort_parallel,in_4096.in,4096,2048,3,5,0.000353,0.000006,"[0.00035, 0.000357, 0.000344, 0.000359, 0.000354]"
mergesort_parallel,in_4096.in,4096,4096,3,5,0.000635,0.000092,"[0.000633, 0.000592, 0.000794, 0.000579, 0.000577]"
mergesort_parallel,in_4096.in,4096,1024,6,5,0.000265,0.000025,"[0.000308, 0.000259, 0.000243, 0.000255, 0.000262]"
mergesort_parallel,in_4096.in,4096,2048,6,5,0.000376,0.000013,"[0.000397, 0.000374, 0.000368, 0.000363, 0.000377]"
mergesort_parallel,in_4096.in,4096,4096,6,5,0.000653,0.000094,"[0.000622, 0.000623, 0.000592, 0.000819, 0.000607]"
mergesort_parallel,in_4096.in,4096,1024,12,5,0.000298,0.000026,"[0.00029, 0.000278, 0.000301, 0.00028, 0.000342]"
mergesort_parallel,in_4096.in,4096,2048,12,5,0.000422,0.000028,"[0.000404, 0.000421, 0.00042, 0.000396, 0.000467]"
mergesort_parallel,in_4096.in,4096,4096,12,5,0.000752,0.000204,"[0.000697, 0.000638, 0.000649, 0.000659, 0.001115]"
mergesort_parallel,in_8192.in,8192,1024,1,5,0.001277,0.000279,"[0.001148, 0.001162, 0.001776, 0.001142, 0.001157]"
mergesort_parallel,in_8192.in,8192,2048,1,5,0.001176,0.000038,"[0.001152, 0.001154, 0.001243, 0.001171, 0.001159]"
mergesort_parallel,in_8192.in,8192,4096,1,5,0.001273,0.000195,"[0.001617, 0.001183, 0.001148, 0.001234, 0.001183]"
mergesort_parallel,in_8192.in,8192,1024,3,5,0.000652,0.000113,"[0.000684, 0.000591, 0.000576, 0.000838, 0.000572]"
mergesort_parallel,in_8192.in,8192,2048,3,5,0.000713,0.000059,"[0.000687, 0.000681, 0.000693, 0.000818, 0.000686]"
mergesort_parallel,in_8192.in,8192,4096,3,5,0.000685,0.000008,"[0.000689, 0.00068, 0.000693, 0.000673, 0.000691]"
mergesort_parallel,in_8192.in,8192,1024,6,5,0.000467,0.000039,"[0.000452, 0.000458, 0.000448, 0.000443, 0.000536]"
mergesort_parallel,in_8192.in,8192,2048,6,5,0.000455,0.000023,"[0.000448, 0.000449, 0.000446, 0.000436, 0.000494]"
mergesort_parallel,in_8192.in,8192,4096,6,5,0.000736,0.000076,"[0.000704, 0.000704, 0.000871, 0.000709, 0.000692]"
mergesort_parallel,in_8192.in,8192,1024,12,5,0.000511,0.000035,"[0.000502, 0.000492, 0.000573, 0.000492, 0.000497]"
mergesort_parallel,in_8192.in,8192,2048,12,5,0.000499,0.000013,"[0.000483, 0.000502, 0.000516, 0.000489, 0.000503]"
mergesort_parallel,in_8192.in,8192,4096,12,5,0.000779,0.000070,"[0.000785, 0.000729, 0.000747, 0.000898, 0.000737]"
mergesort_parallel,in_16384.in,16384,1024,1,5,0.002742,0.000319,"[0.002617, 0.002493, 0.003054, 0.002434, 0.003111]"
mergesort_parallel,in_16384.in,16384,2048,1,5,0.002555,0.000203,"[0.002547, 0.002422, 0.002905, 0.002488, 0.002413]"
mergesort_parallel,in_16384.in,16384,4096,1,5,0.002454,0.000086,"[0.002549, 0.002324, 0.002505, 0.002421, 0.00247]"
mergesort_parallel,in_16384.in,16384,1024,3,5,0.001264,0.000097,"[0.001213, 0.001196, 0.001383, 0.001173, 0.001354]"
mergesort_parallel,in_16384.in,16384,2048,3,5,0.001288,0.000200,"[0.001581, 0.001123, 0.001112, 0.001226, 0.001398]"
mergesort_parallel,in_16384.in,16384,4096,3,5,0.001386,0.000012,"[0.001368, 0.001397, 0.00139, 0.001379, 0.001396]"
mergesort_parallel,in_16384.in,16384,1024,6,5,0.000853,0.000039,"[0.000786, 0.000888, 0.000867, 0.000857, 0.000868]"
mergesort_parallel,in_16384.in,16384,2048,6,5,0.000897,0.000032,"[0.000876, 0.000931, 0.000886, 0.000862, 0.00093]"
mergesort_parallel,in_16384.in,16384,4096,6,5,0.000856,0.000007,"[0.000863, 0.000864, 0.000851, 0.000853, 0.000851]"
mergesort_parallel,in_16384.in,16384,1024,12,5,0.000779,0.000039,"[0.00078, 0.000836, 0.000737, 0.00075, 0.000791]"
mergesort_parallel,in_16384.in,16384,2048,12,5,0.000821,0.000008,"[0.00082, 0.000823, 0.000811, 0.000834, 0.000818]"
mergesort_parallel,in_16384.in,16384,4096,12,5,0.000915,0.000038,"[0.000906, 0.000902, 0.000981, 0.0009, 0.000884]"
mergesort_parallel,in_32768.in,32768,1024,1,5,0.005106,0.000070,"[0.005172, 0.005177, 0.0051, 0.005014, 0.005068]"
mergesort_parallel,in_32768.in,32768,2048,1,5,0.005055,0.000067,"[0.005139, 0.005106, 0.004974, 0.005018, 0.005036]"
mergesort_parallel,in_32768.in,32768,4096,1,5,0.005056,0.000035,"[0.005069, 0.005011, 0.005028, 0.005093, 0.005078]"
mergesort_parallel,in_32768.in,32768,1024,3,5,0.002695,0.000248,"[0.002889, 0.002788, 0.002782, 0.002262, 0.002756]"
mergesort_parallel,in_32768.in,32768,2048,3,5,0.002467,0.000273,"[0.00229, 0.00278, 0.002291, 0.002749, 0.002224]"
mergesort_parallel,in_32768.in,32768,4096,3,5,0.002464,0.000284,"[0.002266, 0.00276, 0.002239, 0.002265, 0.002788]"
mergesort_parallel,in_32768.in,32768,1024,6,5,0.001671,0.000030,"[0.001688, 0.001618, 0.001675, 0.001689, 0.001683]"
mergesort_parallel,in_32768.in,32768,2048,6,5,0.001647,0.000080,"[0.001505, 0.001676, 0.001697, 0.001675, 0.001683]"
mergesort_parallel,in_32768.in,32768,4096,6,5,0.001713,0.000070,"[0.001835, 0.001677, 0.001662, 0.001689, 0.001703]"
mergesort_parallel,in_32768.in,32768,1024,12,5,0.001361,0.000034,"[0.001383, 0.001394, 0.001336, 0.001314, 0.001376]"
mergesort_parallel,in_32768.in,32768,2048,12,5,0.001419,0.000044,"[0.001483, 0.001399, 0.001377, 0.001391, 0.001444]"
mergesort_parallel,in_32768.in,32768,4096,12,5,0.001520,0.000097,"[0.001689, 0.001511, 0.001485, 0.001461, 0.001452]"
mergesort_parallel,in_65536.in,65536,1024,1,5,0.010627,0.000125,"[0.010817, 0.0106, 0.010664, 0.010484, 0.010569]"
mergesort_parallel,in_65536.in,65536,2048,1,5,0.010474,0.000111,"[0.010668, 0.010386, 0.010455, 0.010433, 0.01043]"
mergesort_parallel,in_65536.in,65536,4096,1,5,0.010525,0.000187,"[0.010844, 0.010364, 0.01052, 0.010457, 0.010441]"
mergesort_parallel,in_65536.in,65536,1024,3,5,0.005020,0.000563,"[0.004676, 0.005684, 0.005584, 0.004574, 0.004584]"
mergesort_parallel,in_65536.in,65536,2048,3,5,0.004613,0.000034,"[0.004665, 0.004631, 0.004582, 0.004592, 0.004596]"
mergesort_parallel,in_65536.in,65536,4096,3,5,0.005275,0.000604,"[0.005806, 0.004646, 0.005692, 0.005644, 0.004587]"
mergesort_parallel,in_65536.in,65536,1024,6,5,0.003431,0.000129,"[0.003275, 0.003621, 0.003385, 0.003478, 0.003394]"
mergesort_parallel,in_65536.in,65536,2048,6,5,0.003368,0.000049,"[0.003298, 0.003424, 0.003339, 0.00339, 0.003388]"
mergesort_parallel,in_65536.in,65536,4096,6,5,0.003367,0.000247,"[0.003589, 0.002966, 0.003364, 0.003364, 0.003551]"
mergesort_parallel,in_65536.in,65536,1024,12,5,0.002535,0.000120,"[0.002714, 0.002467, 0.002581, 0.0024, 0.002511]"
mergesort_parallel,in_65536.in,65536,2048,12,5,0.002603,0.000170,"[0.00283, 0.002559, 0.002677, 0.002367, 0.002581]"
mergesort_parallel,in_65536.in,65536,4096,12,5,0.002575,0.000229,"[0.002855, 0.002368, 0.00278, 0.002494, 0.002376]"
mergesort_parallel,in_131072.in,131072,1024,1,5,0.021706,0.000122,"[0.021917, 0.021659, 0.021616, 0.021706, 0.021634]"
mergesort_parallel,in_131072.in,131072,2048,1,5,0.022076,0.000334,"[0.021656, 0.021893, 0.022033, 0.022285, 0.022513]"
mergesort_parallel,in_131072.in,131072,4096,1,5,0.022255,0.000187,"[0.022523, 0.022104, 0.022162, 0.022108, 0.022378]"
mergesort_parallel,in_131072.in,131072,1024,3,5,0.009850,0.000956,"[0.009563, 0.009436, 0.011554, 0.009347, 0.009352]"
mergesort_parallel,in_131072.in,131072,2048,3,5,0.010374,0.001283,"[0.011681, 0.009378, 0.011869, 0.009565, 0.009378]"
mergesort_parallel,in_131072.in,131072,4096,3,5,0.011586,0.004966,"[0.020468, 0.009427, 0.009311, 0.009396, 0.009327]"
mergesort_parallel,in_131072.in,131072,1024,6,5,0.006841,0.000271,"[0.007038, 0.006558, 0.006939, 0.006548, 0.007121]"
mergesort_parallel,in_131072.in,131072,2048,6,5,0.006788,0.000203,"[0.006793, 0.006773, 0.007038, 0.006477, 0.00686]"
mergesort_parallel,in_131072.in,131072,4096,6,5,0.006961,0.000126,"[0.0069, 0.007038, 0.006866, 0.006856, 0.007144]"
mergesort_parallel,in_131072.in,131072,1024,12,5,0.005147,0.000076,"[0.005041, 0.005138, 0.005138, 0.005164, 0.005255]"
mergesort_parallel,in_131072.in,131072,2048,12,5,0.005130,0.000270,"[0.005205, 0.005034, 0.005557, 0.005008, 0.004848]"
mergesort_parallel,in_131072.in,131072,4096,12,5,0.005196,0.000109,"[0.005286, 0.005101, 0.005188, 0.005325, 0.005078]"
mergesort_parallel,in_262144.in,262144,1024,1,5,0.045655,0.000699,"[0.046863, 0.045166, 0.045359, 0.045244, 0.045642]"
mergesort_parallel,in_262144.in,262144,2048,1,5,0.045276,0.000201,"[0.045228, 0.045593, 0.045234, 0.045289, 0.045038]"
mergesort_parallel,in_262144.in,262144,4096,1,5,0.045332,0.000111,"[0.045266, 0.045317, 0.045502, 0.045365, 0.045211]"
mergesort_parallel,in_262144.in,262144,1024,3,5,0.020287,0.002247,"[0.024306, 0.019237, 0.01936, 0.019276, 0.019255]"
mergesort_parallel,in_262144.in,262144,2048,3,5,0.021279,0.002546,"[0.01944, 0.0194, 0.019422, 0.024163, 0.02397]"
mergesort_parallel,in_262144.in,262144,4096,3,5,0.019437,0.000153,"[0.019545, 0.019262, 0.019634, 0.019327, 0.019415]"
mergesort_parallel,in_262144.in,262144,1024,6,5,0.014059,0.000566,"[0.014162, 0.0136, 0.014606, 0.014572, 0.013354]"
mergesort_parallel,in_262144.in,262144,2048,6,5,0.014256,0.000283,"[0.013906, 0.014074, 0.01431, 0.014651, 0.014338]"
mergesort_parallel,in_262144.in,262144,4096,6,5,0.014399,0.000954,"[0.015946, 0.013749, 0.014078, 0.013584, 0.014637]"
mergesort_parallel,in_262144.in,262144,1024,12,5,0.010304,0.000223,"[0.010238, 0.010076, 0.010179, 0.010374, 0.010653]"
mergesort_parallel,in_262144.in,262144,2048,12,5,0.010181,0.000342,"[0.010036, 0.01012, 0.010778, 0.01006, 0.009912]"
mergesort_parallel,in_262144.in,262144,4096,12,5,0.009953,0.000243,"[0.009625, 0.009846, 0.009977, 0.010284, 0.010034]"
mergesort_parallel,in_524288.in,524288,1024,1,5,0.095533,0.000665,"[0.095668, 0.094651, 0.095059, 0.096124, 0.096165]"
mergesort_parallel,in_524288.in,524288,2048,1,5,0.096169,0.001390,"[0.09816, 0.096604, 0.095448, 0.094423, 0.096211]"
mergesort_parallel,in_524288.in,524288,4096,1,5,0.095566,0.000437,"[0.096228, 0.095389, 0.095442, 0.095712, 0.09506]"
mergesort_parallel,in_524288.in,524288,1024,3,5,0.040901,0.000632,"[0.040591, 0.04041, 0.040423, 0.041866, 0.041216]"
mergesort_parallel,in_524288.in,524288,2048,3,5,0.043297,0.004598,"[0.041821, 0.040843, 0.041378, 0.051494, 0.040951]"
mergesort_parallel,in_524288.in,524288,4096,3,5,0.041037,0.000881,"[0.04102, 0.042194, 0.041598, 0.040175, 0.040197]"
mergesort_parallel,in_524288.in,524288,1024,6,5,0.029052,0.001438,"[0.027396, 0.028824, 0.029289, 0.031302, 0.028449]"
mergesort_parallel,in_524288.in,524288,2048,6,5,0.029148,0.001330,"[0.029137, 0.027564, 0.028436, 0.029464, 0.031137]"
mergesort_parallel,in_524288.in,524288,4096,6,5,0.028752,0.001003,"[0.029124, 0.029232, 0.029191, 0.029254, 0.026961]"
mergesort_parallel,in_524288.in,524288,1024,12,5,0.020131,0.000496,"[0.01998, 0.020047, 0.019771, 0.01986, 0.020998]"
mergesort_parallel,in_524288.in,524288,2048,12,5,0.020086,0.000576,"[0.020811, 0.019935, 0.020143, 0.020306, 0.019233]"
mergesort_parallel,in_524288.in,524288,4096,12,5,0.020525,0.000446,"[0.020352, 0.019917, 0.020738, 0.020499, 0.021118]"
mergesort_parallel,in_1048576.in,1048576,1024,1,5,0.199889,0.002583,"[0.204296, 0.197953, 0.200046, 0.198421, 0.19873]"
mergesort_parallel,in_1048576.in,1048576,2048,1,5,0.199155,0.002008,"[0.196983, 0.201438, 0.199801, 0.197117, 0.200434]"
mergesort_parallel,in_1048576.in,1048576,4096,1,5,0.199967,0.002944,"[0.197369, 0.197649, 0.204252, 0.201693, 0.198873]"
mergesort_parallel,in_1048576.in,1048576,1024,3,5,0.084632,0.000714,"[0.085413, 0.08539, 0.083933, 0.084278, 0.084144]"
mergesort_parallel,in_1048576.in,1048576,2048,3,5,0.088245,0.010171,"[0.106436, 0.08378, 0.083949, 0.083587, 0.083471]"
mergesort_parallel,in_1048576.in,1048576,4096,3,5,0.085115,0.001175,"[0.083714, 0.08405, 0.086252, 0.086132, 0.085427]"
mergesort_parallel,in_1048576.in,1048576,1024,6,5,0.060520,0.000432,"[0.060745, 0.060847, 0.06083, 0.060334, 0.059844]"
mergesort_parallel,in_1048576.in,1048576,2048,6,5,0.059522,0.001384,"[0.060151, 0.057729, 0.061456, 0.059212, 0.059062]"
mergesort_parallel,in_1048576.in,1048576,4096,6,5,0.055947,0.005819,"[0.049736, 0.060989, 0.061947, 0.056981, 0.050083]"
mergesort_parallel,in_1048576.in,1048576,1024,12,5,0.041834,0.001124,"[0.041713, 0.043403, 0.042463, 0.040677, 0.040916]"
mergesort_parallel,in_1048576.in,1048576,2048,12,5,0.041758,0.001508,"[0.040554, 0.041113, 0.040773, 0.044234, 0.042118]"
mergesort_parallel,in_1048576.in,1048576,4096,12,5,0.041726,0.001086,"[0.042236, 0.043032, 0.041894, 0.040119, 0.041348]"
mergesort_parallel,in_2097152.in,2097152,1024,1,5,0.414180,0.002174,"[0.411844, 0.414655, 0.414021, 0.417552, 0.41283]"
mergesort_parallel,in_2097152.in,2097152,2048,1,5,0.419090,0.008598,"[0.412566, 0.433332, 0.418436, 0.419087, 0.41203]"
mergesort_parallel,in_2097152.in,2097152,4096,1,5,0.412564,0.001554,"[0.414999, 0.410683, 0.412363, 0.412602, 0.412173]"
mergesort_parallel,in_2097152.in,2097152,1024,3,5,0.183595,0.020761,"[0.174423, 0.173131, 0.174226, 0.175494, 0.220703]"
mergesort_parallel,in_2097152.in,2097152,2048,3,5,0.174346,0.000573,"[0.173639, 0.174493, 0.173857, 0.174883, 0.174858]"
mergesort_parallel,in_2097152.in,2097152,4096,3,5,0.201321,0.024748,"[0.224357, 0.174371, 0.216517, 0.174487, 0.216874]"
mergesort_parallel,in_2097152.in,2097152,1024,6,5,0.125816,0.002884,"[0.124366, 0.124536, 0.128616, 0.129074, 0.122487]"
mergesort_parallel,in_2097152.in,2097152,2048,6,5,0.120834,0.004785,"[0.123936, 0.125542, 0.12314, 0.114484, 0.11707]"
mergesort_parallel,in_2097152.in,2097152,4096,6,5,0.121957,0.006037,"[0.129735, 0.122454, 0.116057, 0.125638, 0.1159]"
mergesort_parallel,in_2097152.in,2097152,1024,12,5,0.087840,0.004169,"[0.087206, 0.094116, 0.086242, 0.0889, 0.082734]"
mergesort_parallel,in_2097152.in,2097152,2048,12,5,0.084926,0.000918,"[0.085523, 0.085875, 0.083685, 0.084261, 0.085284]"
mergesort_parallel,in_2097152.in,2097152,4096,12,5,0.085524,0.000440,"[0.085218, 0.085196, 0.086275, 0.085493, 0.085437]"
mergesort_parallel,in_4194304.in,4194304,1024,1,5,0.861286,0.002194,"[0.859239, 0.858939, 0.862822, 0.861471, 0.863961]"
mergesort_parallel,in_4194304.in,4194304,2048,1,5,0.860635,0.005692,"[0.868006, 0.859952, 0.862332, 0.852154, 0.860731]"
mergesort_parallel,in_4194304.in,4194304,4096,1,5,0.856244,0.004091,"[0.858282, 0.862041, 0.851765, 0.853241, 0.855893]"
mergesort_parallel,in_4194304.in,4194304,1024,3,5,0.361719,0.003041,"[0.367012, 0.359343, 0.360584, 0.360351, 0.361306]"
mergesort_parallel,in_4194304.in,4194304,2048,3,5,0.377877,0.040997,"[0.451112, 0.363233, 0.358144, 0.357846, 0.359051]"
mergesort_parallel,in_4194304.in,4194304,4096,3,5,0.380020,0.043690,"[0.458067, 0.361576, 0.35879, 0.357951, 0.363714]"
mergesort_parallel,in_4194304.in,4194304,1024,6,5,0.251831,0.009701,"[0.254527, 0.2469, 0.252045, 0.265933, 0.23975]"
mergesort_parallel,in_4194304.in,4194304,2048,6,5,0.255763,0.008797,"[0.268904, 0.258825, 0.248266, 0.255497, 0.247324]"
mergesort_parallel,in_4194304.in,4194304,4096,6,5,0.258586,0.006034,"[0.265918, 0.258543, 0.258282, 0.249288, 0.260898]"
mergesort_parallel,in_4194304.in,4194304,1024,12,5,0.175724,0.003953,"[0.171641, 0.177536, 0.175403, 0.172599, 0.181442]"
mergesort_parallel,in_4194304.in,4194304,2048,12,5,0.177071,0.005297,"[0.170322, 0.173119, 0.179529, 0.183541, 0.178845]"
mergesort_parallel,in_4194304.in,4194304,4096,12,5,0.176153,0.001490,"[0.177287, 0.17644, 0.174492, 0.177811, 0.174737]"
mergesort_parallel,in_8388608.in,8388608,1024,1,5,1.799948,0.033143,"[1.809572, 1.771445, 1.853638, 1.782861, 1.782224]"
mergesort_parallel,in_8388608.in,8388608,2048,1,5,1.781513,0.013634,"[1.789078, 1.790254, 1.787438, 1.757597, 1.783199]"
mergesort_parallel,in_8388608.in,8388608,4096,1,5,1.763030,0.011528,"[1.756062, 1.783336, 1.756123, 1.760892, 1.758735]"
mergesort_parallel,in_8388608.in,8388608,1024,3,5,0.750515,0.003859,"[0.75499, 0.744865, 0.750345, 0.753016, 0.74936]"
mergesort_parallel,in_8388608.in,8388608,2048,3,5,0.825500,0.105030,"[0.747978, 0.94255, 0.747539, 0.750913, 0.93852]"
mergesort_parallel,in_8388608.in,8388608,4096,3,5,0.826574,0.109901,"[0.944891, 0.747759, 0.746511, 0.949006, 0.744704]"
mergesort_parallel,in_8388608.in,8388608,1024,6,5,0.543557,0.012499,"[0.558942, 0.532111, 0.537848, 0.533884, 0.555002]"
mergesort_parallel,in_8388608.in,8388608,2048,6,5,0.537052,0.029355,"[0.559879, 0.521438, 0.554573, 0.55685, 0.49252]"
mergesort_parallel,in_8388608.in,8388608,4096,6,5,0.535867,0.021369,"[0.533778, 0.560965, 0.54928, 0.530868, 0.504444]"
mergesort_parallel,in_8388608.in,8388608,1024,12,5,0.366909,0.006498,"[0.358521, 0.368411, 0.361895, 0.373278, 0.372438]"
mergesort_parallel,in_8388608.in,8388608,2048,12,5,0.363625,0.007594,"[0.364308, 0.35755, 0.369094, 0.372625, 0.354547]"
mergesort_parallel,in_8388608.in,8388608,4096,12,5,0.359380,0.007968,"[0.349088, 0.360674, 0.35943, 0.356563, 0.371145]"
mergesort_parallel,in_16777216.in,16777216,1024,1,5,3.714767,0.004943,"[3.713449, 3.721837, 3.712473, 3.70887, 3.717208]"
mergesort_parallel,in_16777216.in,16777216,2048,1,5,3.704001,0.003032,"[3.704999, 3.708192, 3.702091, 3.700219, 3.704502]"
mergesort_parallel,in_16777216.in,16777216,4096,1,5,3.699015,0.014561,"[3.678856, 3.702429, 3.698593, 3.695713, 3.719483]"
mergesort_parallel,in_16777216.in,16777216,1024,3,5,1.559903,0.007646,"[1.571482, 1.562007, 1.559224, 1.551127, 1.555675]"
mergesort_parallel,in_16777216.in,16777216,2048,3,5,1.548234,0.004161,"[1.550854, 1.5497, 1.550974, 1.548659, 1.540984]"
mergesort_parallel,in_16777216.in,16777216,4096,3,5,1.632081,0.187416,"[1.550075, 1.967283, 1.553046, 1.544367, 1.545634]"
mergesort_parallel,in_16777216.in,16777216,1024,6,5,1.105396,0.036454,"[1.157141, 1.105385, 1.107726, 1.102564, 1.054166]"
mergesort_parallel,in_16777216.in,16777216,2048,6,5,1.122863,0.026426,"[1.15399, 1.097728, 1.14887, 1.105408, 1.108318]"
mergesort_parallel,in_16777216.in,16777216,4096,6,5,1.095264,0.048477,"[1.08631, 1.106087, 1.022003, 1.105592, 1.156328]"
mergesort_parallel,in_16777216.in,16777216,1024,12,5,0.751913,0.014671,"[0.766873, 0.756512, 0.730366, 0.76156, 0.744253]"
mergesort_parallel,in_16777216.in,16777216,2048,12,5,0.749831,0.017906,"[0.761069, 0.735401, 0.750598, 0.772773, 0.729312]"
mergesort_parallel,in_16777216.in,16777216,4096,12,5,0.743157,0.019967,"[0.766126, 0.755678, 0.740396, 0.713243, 0.740343]"
